cl_classify,order,rela
内核命令,echo,contain
内核命令,false,contain
内核命令,yes,contain
数字计算相关,expr,contain
文件处理和管理,cut,contain
文件处理和管理,join,contain
文件处理和管理,od,contain
文件处理和管理,pr,contain
文件处理和管理,shuf,contain
文件处理和管理,sort,contain
文件处理和管理,split,contain
文件处理和管理,sum,contain
文件处理和管理,truncate,contain
文件处理和管理,uniq,contain
文件的权限和属性,chgrp,contain
文件的权限和属性,chmod,contain
文件的权限和属性,chown,contain
文本文件内容显示,cat,contain
文本文件内容显示,head,contain
文本文件内容显示,seq,contain
文本文件内容显示,tail,contain
日期和时间,date,contain
日期和时间,sleep,contain
查找字符串和文件,grep,contain
用户和和用户组管理,env,contain
用户和和用户组管理,groups,contain
用户和和用户组管理,hostname,contain
用户和和用户组管理,id,contain
用户和和用户组管理,install,contain
用户和和用户组管理,users,contain
用户和和用户组管理,who,contain
目录和文件相关,cp,contain
目录和文件相关,link,contain
目录和文件相关,ls,contain
目录和文件相关,mkdir,contain
目录和文件相关,mv,contain
目录和文件相关,pwd,contain
目录和文件相关,rm,contain
目录和文件相关,stat,contain
目录和文件相关,touch,contain
目录和文件相关,wc,contain
磁盘维护和管理,dd,contain
磁盘维护和管理,df,contain
磁盘维护和管理,sync,contain
系统相关,free,contain
系统相关,nice,contain
进程和服务管理,kill,contain
进程和服务管理,mkfifo,contain
进程和服务管理,ps,contain
进程和服务管理,timeout,contain
进程和服务管理,top,contain
