order,s_func,rela
cat,cat,call
cat,copy_cat,call
cat,main,call
cat,next_line_num,call
cat,simple_cat,call
cat,usage,call
cat,write_pending,call
chgrp,main,call
chgrp,parse_group,call
chgrp,usage,call
chmod,describe_change,call
chmod,main,call
chmod,mode_changed,call
chmod,process_file,call
chmod,process_files,call
chmod,proper_name,call
chmod,usage,call
chown,main,call
chown,usage,call
cp,cp_option_init,call
cp,decode_preserve_arg,call
cp,do_copy,call
cp,main,call
cp,make_dir_parents_pri,call
cp,proper_name,call
cp,re_protect,call
cp,usage,call
cut,cut_bytes,call
cut,cut_fields,call
cut,cut_file,call
cut,FATAL_ERROR,call
cut,is_range_start_index,call
cut,main,call
cut,next_item,call
cut,print_kth,call
cut,usage,call
date,adjust_resolution,call
date,batch_convert,call
date,main,call
date,res_width,call
date,show_date,call
date,usage,call
dd,abbreviation_lacks_p,call
dd,advance_input_after_,call
dd,advance_input_offset,call
dd,alloc_ibuf,call
dd,alloc_obuf,call
dd,apply_translations,call
dd,cache_round,call
dd,cleanup,call
dd,copy_simple,call
dd,copy_with_block,call
dd,copy_with_unblock,call
dd,dd_copy,call
dd,FFS_MASK,call
dd,finish_up,call
dd,iclose,call
dd,ifd_reopen,call
dd,ifdatasync,call
dd,ifstat,call
dd,ifsync,call
dd,iftruncate,call
dd,install_signal_handl,call
dd,interrupt_handler,call
dd,invalidate_cache,call
dd,iread,call
dd,iread_fullblock,call
dd,iwrite,call
dd,main,call
dd,maybe_close_stdout,call
dd,multiple_bits_set,call
dd,nl_error,call
dd,operand_is,call
dd,operand_matches,call
dd,output_char,call
dd,parse_integer,call
dd,parse_symbols,call
dd,print_stats,call
dd,print_xfer_stats,call
dd,process_signals,call
dd,quit,call
dd,scanargs,call
dd,set_fd_flags,call
dd,siginfo_handler,call
dd,skip,call
dd,swab_buffer,call
dd,synchronize_output,call
dd,translate_buffer,call
dd,translate_charset,call
dd,usage,call
dd,write_output,call
echo,hextobin,call
echo,main,call
echo,proper_name,call
echo,usage,call
env,append_unset_var,call
env,extract_varname,call
env,initialize_signals,call
env,list_signal_handling,call
env,main,call
env,parse_block_signal_p,call
env,parse_signal_action_,call
env,parse_split_string,call
env,reset_signal_handler,call
env,scan_varname,call
env,set_signal_proc_mask,call
env,unset_envvars,call
env,usage,call
expr,docolon,call
expr,eval,call
expr,eval1,call
expr,eval2,call
expr,eval3,call
expr,eval4,call
expr,eval5,call
expr,eval6,call
expr,eval7,call
expr,freev,call
expr,getsize,call
expr,int_value,call
expr,looks_like_integer,call
expr,main,call
expr,mbs_logical_cspn,call
expr,mbs_logical_substr,call
expr,mbs_offset_to_chars,call
expr,nextarg,call
expr,nomoreargs,call
expr,null,call
expr,printv,call
expr,proper_name,call
expr,require_more_args,call
expr,str_value,call
expr,toarith,call
expr,tostring,call
expr,usage,call
free,main,call
grep,error,call
grep,expand_wildcards,call
grep,fillbuf,call
grep,fp,call
grep,grep,call
grep,grepbuf,call
grep,nlscan,call
grep,prline,call
grep,prpending,call
grep,prtext,call
grep,reset,call
grep,setmatcher,call
grep,usage,call
grep,xrealloc,call
groups,main,call
groups,proper_name,call
groups,usage,call
head,copy_fd,call
head,diagnose_copy_fd_fai,call
head,elide_tail_bytes_fil,call
head,elide_tail_bytes_pip,call
head,elide_tail_lines_fil,call
head,elide_tail_lines_pip,call
head,elide_tail_lines_see,call
head,elseek,call
head,head,call
head,head_bytes,call
head,head_file,call
head,head_lines,call
head,main,call
head,string_to_integer,call
head,usage,call
head,write_header,call
head,xwrite_stdout,call
hostname,main,call
hostname,sethostname,call
hostname,usage,call
id,gidtostr_ptr,call
id,main,call
id,print_full_info,call
id,print_stuff,call
id,print_user,call
id,uidtostr_ptr,call
id,usage,call
install,announce_mkdir,call
install,change_attributes,call
install,change_timestamps,call
install,copy_file,call
install,cp_option_init,call
install,extra_mode,call
install,get_ids,call
install,get_labeling_handle,call
install,have_same_content,call
install,install_file_in_dir,call
install,install_file_in_file,call
install,main,call
install,make_ancestor,call
install,mkancesdirs_safe_wd,call
install,need_copy,call
install,process_dir,call
install,setdefaultfilecon,call
install,strip,call
install,usage,call
join,add_field,call
join,add_field_list,call
join,add_file_name,call
join,advance_seq,call
join,check_order,call
join,decode_field_spec,call
join,delseq,call
join,extract_field,call
join,free_spareline,call
join,freeline,call
join,get_line,call
join,getseq,call
join,init_linep,call
join,initseq,call
join,join,call
join,keycmp,call
join,main,call
join,prfield,call
join,prfields,call
join,prjoin,call
join,reset_line,call
join,set_join_field,call
join,string_to_join_field,call
join,SWAPLINES,call
join,usage,call
join,xfields,call
kill,list_signals,call
kill,main,call
kill,print_table_row,call
kill,send_signals,call
kill,usage,call
link,main,call
link,usage,call
ln,atomic_link,call
ln,convert_abs_rel,call
ln,do_link,call
ln,errnoize,call
ln,main,call
ln,usage,call
mkdir,announce_mkdir,call
mkdir,main,call
mkdir,make_ancestor,call
mkdir,process_dir,call
mkdir,proper_name,call
mkdir,usage,call
mkfifo,main,call
mkfifo,proper_name,call
mkfifo,usage,call
mv,cp_option_init,call
mv,do_move,call
mv,main,call
mv,proper_name,call
mv,rm_option_init,call
mv,usage,call
nice,GET_NICENESS,call
nice,main,call
nice,perm_related_errno,call
nice,usage,call
od,bit,call
od,check_and_close,call
od,decode_format_string,call
od,decode_one_format,call
od,dump,call
od,dump_hexl_mode_trail,call
od,dump_strings,call
od,format,call
od,format_address_label,call
od,format_address_none,call
od,format_address_paren,call
od,format_address_std,call
od,get_lcm,call
od,main,call
od,open_next_file,call
od,padding,call
od,parse_old_offset,call
od,print_ascii,call
od,print_named_ascii,call
od,read_block,call
od,read_char,call
od,simple_strtoul,call
od,skip,call
od,specification,call
od,usage,call
od,write_block,call
pr,add_line_number,call
pr,align_column,call
pr,balance,call
pr,char_to_clump,call
pr,cleanup,call
pr,close_file,call
pr,cols_ready_to_print,call
pr,first_last_page,call
pr,getoptarg,call
pr,getoptnum,call
pr,hold_file,call
pr,init_fps,call
pr,init_funcs,call
pr,init_header,call
pr,init_page,call
pr,init_parameters,call
pr,init_store_cols,call
pr,integer_overflow,call
pr,main,call
pr,open_file,call
pr,pad_across_to,call
pr,pad_down,call
pr,parse_column_count,call
pr,print_char,call
pr,print_clump,call
pr,print_files,call
pr,print_header,call
pr,print_page,call
pr,print_sep_string,call
pr,print_stored,call
pr,print_white_space,call
pr,read_line,call
pr,read_rest_of_line,call
pr,reset_status,call
pr,separator_string,call
pr,skip_read,call
pr,skip_to_page,call
pr,store_char,call
pr,store_columns,call
pr,usage,call
ps,arg_parse,call
ps,arg_type,call
ps,choose_dimensions,call
ps,compare_gnu_table_st,call
ps,get_opt_arg,call
ps,grab_gnu_arg,call
ps,parse_all_options,call
ps,parse_bsd_option,call
ps,parse_cmd,call
ps,parse_gid,call
ps,parse_gnu_option,call
ps,parse_list,call
ps,parse_pid,call
ps,parse_sysv_option,call
ps,parse_trailing_pids,call
ps,parse_tty,call
ps,parse_uid,call
ps,reset_parser,call
ps,thread_option_check,call
pwd,file_name_free,call
pwd,file_name_init,call
pwd,file_name_prepend,call
pwd,find_dir_entry,call
pwd,logical_getcwd,call
pwd,main,call
pwd,nth_parent,call
pwd,proper_name,call
pwd,robust_getcwd,call
pwd,usage,call
rm,diagnose_leading_hyp,call
rm,main,call
rm,proper_name,call
rm,rm_option_init,call
rm,usage,call
seq,all_digits_p,call
seq,cmp,call
seq,get_default_format,call
seq,incr,call
seq,io_error,call
seq,long_double_format,call
seq,main,call
seq,print_numbers,call
seq,scan_arg,call
seq,seq_fast,call
seq,trim_leading_zeros,call
seq,usage,call
shuf,input_from_argv,call
shuf,input_size,call
shuf,main,call
shuf,next_line,call
shuf,proper_name,call
shuf,read_input,call
shuf,read_input_reservoir,call
shuf,usage,call
shuf,write_permuted_lines,call
shuf,write_permuted_numbe,call
shuf,write_permuted_outpu,call
shuf,write_random_lines,call
shuf,write_random_numbers,call
sleep,apply_suffix,call
sleep,main,call
sleep,usage,call
sort,_ct_,call
sort,_st_,call
sort,add_temp_dir,call
sort,async_safe_die,call
sort,avoid_trashing_input,call
sort,badfieldspec,call
sort,begfield,call
sort,buffer_linelim,call
sort,check,call
sort,check_inputs,call
sort,check_ordering_compa,call
sort,check_output,call
sort,cleanup,call
sort,compare,call
sort,compare_nodes,call
sort,compare_random,call
sort,create_temp,call
sort,create_temp_file,call
sort,cs_enter,call
sort,cs_leave,call
sort,debug_key,call
sort,debug_line,call
sort,debug_width,call
sort,default_key_compare,call
sort,default_sort_size,call
sort,delete_proc,call
sort,exit_cleanup,call
sort,fillbuf,call
sort,find_unit_order,call
sort,general_numcompare,call
sort,get_outstatus,call
sort,getmonth,call
sort,human_numcompare,call
sort,incompatible_options,call
sort,init_node,call
sort,initbuf,call
sort,inittables,call
sort,insertkey,call
sort,key_init,call
sort,key_numeric,call
sort,key_to_opts,call
sort,key_warnings,call
sort,keycompare,call
sort,limfield,call
sort,lock_node,call
sort,main,call
sort,mark_key,call
sort,MAX_MERGE,call
sort,maybe_create_temp,call
sort,merge,call
sort,merge_loop,call
sort,merge_tree_destroy,call
sort,merge_tree_init,call
sort,mergefiles,call
sort,mergefps,call
sort,mergelines,call
sort,mergelines_node,call
sort,move_fd,call
sort,nan_compare,call
sort,NONZERO,call
sort,numcompare,call
sort,open_input_files,call
sort,open_temp,call
sort,parse_field_count,call
sort,pipe_fork,call
sort,proctab_comparator,call
sort,proctab_hasher,call
sort,queue_check_insert,call
sort,queue_check_insert_p,call
sort,queue_destroy,call
sort,queue_init,call
sort,queue_insert,call
sort,queue_pop,call
sort,random_md5_state_ini,call
sort,reap,call
sort,reap_all,call
sort,reap_exited,call
sort,reap_some,call
sort,register_proc,call
sort,sequential_sort,call
sort,set_ordering,call
sort,sighandler,call
sort,sort,call
sort,sort_buffer_size,call
sort,sort_die,call
sort,sortlines,call
sort,sortlines_thread,call
sort,specify_nmerge,call
sort,specify_nthreads,call
sort,specify_sort_size,call
sort,stream_open,call
sort,struct_month_cmp,call
sort,traverse_raw_number,call
sort,unlock_node,call
sort,usage,call
sort,wait_proc,call
sort,write_line,call
sort,write_unique,call
sort,xfclose,call
sort,xfopen,call
sort,xstrxfrm,call
sort,zaptemp,call
split,bytes_chunk_extract,call
split,bytes_split,call
split,closeout,call
split,create,call
split,cwrite,call
split,FAIL_ONLY_ONE_WAY,call
split,ignorable,call
split,input_file_size,call
split,line_bytes_split,call
split,lines_chunk_split,call
split,lines_rr,call
split,lines_split,call
split,main,call
split,next_file_name,call
split,ofile_open,call
split,parse_chunk,call
split,set_suffix_length,call
split,usage,call
stat,default_format,call
stat,do_stat,call
stat,do_statfs,call
stat,find_bind_mount,call
stat,fmt_to_mask,call
stat,format_code_offset,call
stat,format_to_mask,call
stat,get_birthtime,call
stat,getenv_quoting_style,call
stat,human_access,call
stat,human_fstype,call
stat,human_time,call
stat,main,call
stat,make_format,call
stat,neg_to_zero,call
stat,out_epoch_sec,call
stat,out_file_context,call
stat,out_int,call
stat,out_minus_zero,call
stat,out_mount_point,call
stat,out_string,call
stat,out_uint,call
stat,out_uint_o,call
stat,out_uint_x,call
stat,print_esc_char,call
stat,print_stat,call
stat,print_statfs,call
stat,proper_name,call
stat,statfs,call
stat,usage,call
sum,bsd_sum_stream,call
sum,output_bsd,call
sum,output_sysv,call
sum,sysv_sum_stream,call
sync,main,call
sync,proper_name,call
sync,sync_arg,call
sync,usage,call
tail,any_live_files,call
tail,any_non_regular_fifo,call
tail,any_non_remote_file,call
tail,any_remote_file,call
tail,any_symlinks,call
tail,check_fspec,call
tail,check_output_alive,call
tail,close_fd,call
tail,COPY_A_BUFFER,call
tail,die_pipe,call
tail,dump_remainder,call
tail,file_lines,call
tail,fremote,call
tail,ignore_fifo_and_pipe,call
tail,main,call
tail,Mode,call
tail,parse_obsolete_optio,call
tail,parse_options,call
tail,pipe_bytes,call
tail,pipe_lines,call
tail,pretty_name,call
tail,recheck,call
tail,record_open_fd,call
tail,start_bytes,call
tail,start_lines,call
tail,tail,call
tail,tail_bytes,call
tail,tail_file,call
tail,tail_forever,call
tail,tail_forever_inotify,call
tail,tail_lines,call
tail,tailable_stdin,call
tail,usage,call
tail,valid_file_spec,call
tail,wd_comparator,call
tail,wd_hasher,call
tail,write_header,call
tail,xlseek,call
tail,xwrite_stdout,call
timeout,apply_time_suffix,call
timeout,block_cleanup_and_ch,call
timeout,chld,call
timeout,cleanup,call
timeout,disable_core_dumps,call
timeout,install_cleanup,call
timeout,install_sigchld,call
timeout,main,call
timeout,parse_duration,call
timeout,send_sig,call
timeout,settimeout,call
timeout,unblock_signal,call
timeout,usage,call
touch,get_reldate,call
touch,main,call
touch,touch,call
touch,usage,call
truncate,do_ftruncate,call
truncate,main,call
truncate,usage,call
uniq,check_file,call
uniq,different,call
uniq,find_field,call
uniq,main,call
uniq,size_opt,call
uniq,strict_posix2,call
uniq,SWAP_LINES,call
uniq,usage,call
uniq,writeline,call
users,list_entries_users,call
users,main,call
users,usage,call
users,userid_compare,call
users,users,call
wc,avx2_supported,call
wc,compute_number_width,call
wc,get_input_fstatus,call
wc,isnbspace,call
wc,iswnbspace,call
wc,main,call
wc,usage,call
wc,wc,call
wc,wc_file,call
wc,wc_lines,call
wc,write_counts,call
who,idle_string,call
who,is_tty_writable,call
who,list_entries_who,call
who,main,call
who,make_id_equals_comme,call
who,print_boottime,call
who,print_clockchange,call
who,print_deadprocs,call
who,print_heading,call
who,print_initspawn,call
who,print_line,call
who,print_login,call
who,print_runlevel,call
who,print_user,call
who,scan_entries,call
who,time_string,call
who,usage,call
who,who,call
yes,main,call
yes,usage,call
