s_func,ss_func,rela
abbreviation_lacks_p,strlen,call
add_field,assert,call
add_field,xmalloc,call
add_field_list,add_field,call
add_field_list,decode_field_spec,call
add_field_list,strpbrk,call
add_file_name,add_field_list,call
add_file_name,error,call
add_file_name,set_join_field,call
add_line_number,considered,call
add_line_number,number_buff,call
add_line_number,POS_AFTER_TAB,call
add_line_number,sprintf,call
add_temp_dir,X2NREALLOC,call
adjust_resolution,res_width,call
adjust_resolution,xstrdup,call
advance_input_after_,advance_input_offset,call
advance_input_after_,error,call
advance_input_after_,lseek,call
advance_input_after_,quoteaf,call
advance_seq,getseq,call
align_column,add_line_number,call
align_column,pad_across_to,call
align_column,print_sep_string,call
all_digits_p,ISDIGIT,call
all_digits_p,strlen,call
alloc_ibuf,alignalloc,call
alloc_ibuf,die,call
alloc_ibuf,extra_byte_for_swab,call
alloc_ibuf,human_readable,call
alloc_obuf,alignalloc,call
alloc_obuf,alloc_ibuf,call
alloc_obuf,bytes,call
alloc_obuf,die,call
alloc_obuf,human_readable,call
announce_mkdir,prog_fprintf,call
append_unset_var,x2nrealloc,call
apply_translations,tolower,call
apply_translations,toupper,call
apply_translations,translate_charset,call
arg_parse,choose_dimensions,call
arg_parse,exit,call
arg_parse,fprintf,call
arg_parse,fwrite,call
arg_parse,parse_all_options,call
arg_parse,process_sf_options,call
arg_parse,reset_global,call
arg_parse,reset_parser,call
arg_parse,reset_sortformat,call
arg_parse,select_bits_setup,call
arg_parse,thread_option_check,call
arg_parse,trace,call
async_safe_die,_exit,call
async_safe_die,ignore_value,call
async_safe_die,INT_BUFSIZE_BOUND,call
async_safe_die,inttostr,call
atomic_link,errnoize,call
atomic_link,symbolic_link,call
avoid_trashing_input,create_temp,call
avoid_trashing_input,fstat,call
avoid_trashing_input,get_outstatus,call
avoid_trashing_input,mergefiles,call
avoid_trashing_input,same,call
avoid_trashing_input,SAME_INODE,call
avoid_trashing_input,stat,call
avoid_trashing_input,STREQ,call
avx2_supported,error,call
badfieldspec,die,call
batch_convert,die,call
batch_convert,error,call
batch_convert,fopen,call
batch_convert,free,call
batch_convert,getline,call
batch_convert,show_date,call
begfield,MIN,call
begfield,SCHAR,call
block_cleanup_and_ch,error,call
block_cleanup_and_ch,sigaddset,call
block_cleanup_and_ch,sigemptyset,call
bool,die,call
bool,error,call
bool,fmt_char,call
bool,format_code_offset,call
bool,fputs,call
bool,free,call
bool,hextobin,call
bool,MAX,call
bool,MAX_ADDITIONAL_BYTES,call
bool,memcpy,call
bool,octtobin,call
bool,print_esc_char,call
bool,print_func,call
bool,putchar,call
bool,quote,call
bool,strlen,call
bool,xmalloc,call
bsd_sum_stream,checksum,call
bsd_sum_stream,fread,call
bsd_sum_stream,free,call
bsd_sum_stream,malloc,call
bsd_sum_stream,memcpy,call
bytes_chunk_extract,assert,call
bytes_chunk_extract,die,call
bytes_chunk_extract,end,call
bytes_chunk_extract,ignorable,call
bytes_chunk_extract,memmove,call
bytes_chunk_extract,MIN,call
bytes_chunk_extract,safe_read,call
bytes_chunk_extract,start,call
bytes_split,cwrite,call
bytes_split,die,call
bytes_split,max_files,call
bytes_split,safe_read,call
cache_round,pending,call
cat,die,call
cat,error,call
cat,memmove,call
cat,next_line_num,call
cat,optimization,call
cat,quoteaf,call
cat,safe_read,call
cat,stpcpy,call
cat,write_pending,call
change_attributes,error,call
change_attributes,lchownat,call
change_attributes,setdefaultfilecon,call
change_attributes,specified,call
change_timestamps,error,call
change_timestamps,get_stat_atime,call
change_timestamps,get_stat_mtime,call
char_to_clump,sprintf,call
char_to_clump,TAB_WIDTH,call
check,buffer_linelim,call
check,fprintf,call
check,free,call
check,initbuf,call
check,INT_BUFSIZE_BOUND,call
check,MAX,call
check,memcpy,call
check,text,call
check,umaxtostr,call
check,write_line,call
check,xfclose,call
check,xfopen,call
check,xmalloc,call
check_and_close,error,call
check_file,die,call
check_file,different,call
check_file,DM_PREPEND,call
check_file,fadvise,call
check_file,find_field,call
check_file,free,call
check_file,fwrite,call
check_file,GM_BOTH,call
check_file,GM_NONE,call
check_file,initbuffer,call
check_file,new_group,call
check_file,putchar,call
check_file,SWAP_LINES,call
check_file,writeline,call
check_fspec,close_fd,call
check_fspec,die,call
check_fspec,dump_remainder,call
check_fspec,error,call
check_fspec,pretty_name,call
check_fspec,print_headers,call
check_fspec,timespec_cmp,call
check_fspec,xlseek,call
check_inputs,sort_die,call
check_order,error,call
check_order,MIN,call
check_ordering_compa,incompatible_options,call
check_ordering_compa,key_to_opts,call
check_output,move_fd,call
check_output,open,call
check_output,sort_die,call
check_output_alive,die_pipe,call
check_output_alive,FD_SET,call
check_output_alive,FD_ZERO,call
check_output_alive,inotify,call
cleanup,_exit,call
cleanup,die,call
cleanup,error,call
cleanup,exit,call
cleanup,free,call
cleanup,MAX,call
cleanup,quote,call
cleanup,send_sig,call
cleanup,settimeout,call
cleanup,snprintf,call
cleanup,synchronize_output,call
cleanup,unlink,call
close_fd,error,call
close_file,die,call
closeout,die,call
closeout,error,call
closeout,MAX,call
closeout,quotef,call
closeout,sprintf,call
closeout,WEXITSTATUS,call
closeout,WTERMSIG,call
cols_ready_to_print,only,call
compare,equal,call
compare,keycompare,call
compare,NONZERO,call
compare,xmemcoll0,call
compare_gnu_table_st,strcmp,call
compare_random,free,call
compare_random,limb,call
compare_random,malloc,call
compare_random,MAX,call
compare_random,md5_process_bytes,call
compare_random,memcmp,call
compare_random,sizea,call
compare_random,sizeb,call
compare_random,sizeof,call
compare_random,strlen,call
compare_random,strxfrm,call
compare_random,textb,call
compare_random,xfrm_diff,call
compare_random,xmalloc,call
convert_abs_rel,canonicalize_filename_mode,call
convert_abs_rel,dir_name,call
convert_abs_rel,free,call
convert_abs_rel,xmalloc,call
convert_abs_rel,xstrdup,call
copy_cat,error,call
copy_cat,min,call
copy_fd,MIN,call
copy_fd,safe_read,call
copy_fd,sizeof,call
copy_fd,xwrite_stdout,call
copy_file,copy,call
copy_simple,memcpy,call
copy_simple,MIN,call
copy_simple,write_output,call
copy_with_block,output_char,call
copy_with_unblock,output_char,call
cp_option_init,cp_options_default,call
cp_option_init,flag,call
cp_option_init,getenv,call
cp_option_init,isatty,call
cp_option_init,selinux_enabled,call
create,die,call
create,execl,call
create,filter_command,call
create,fork,call
create,fprintf,call
create,getenv,call
create,open,call
create,quoteaf,call
create,sigprocmask,call
create,x2nrealloc,call
create_temp,maybe_create_temp,call
create_temp_file,cs_enter,call
create_temp_file,cs_leave,call
create_temp_file,die,call
create_temp_file,free,call
create_temp_file,memcpy,call
create_temp_file,mkostemp,call
create_temp_file,quoteaf,call
create_temp_file,strlen,call
create_temp_file,xmalloc,call
cs_enter,pthread_sigmask,call
cs_leave,pthread_sigmask,call
cut_bytes,fwrite,call
cut_bytes,getc,call
cut_bytes,next_item,call
cut_bytes,putchar,call
cut_fields,assert,call
cut_fields,buffer_first_field,call
cut_fields,free,call
cut_fields,fwrite,call
cut_fields,getc,call
cut_fields,getndelim2,call
cut_fields,next_item,call
cut_fields,putchar,call
cut_fields,ungetc,call
cut_fields,xalloc_die,call
cut_file,cut_stream,call
cut_file,error,call
cut_file,fadvise,call
cut_file,fopen,call
cwrite,closeout,call
cwrite,create,call
cwrite,die,call
cwrite,next_file_name,call
dd_copy,advance_input_offset,call
dd_copy,alloc_ibuf,call
dd_copy,alloc_obuf,call
dd_copy,copy_simple,call
dd_copy,copy_with_block,call
dd_copy,copy_with_unblock,call
dd_copy,error,call
dd_copy,gethrxtime,call
dd_copy,ibuf,call
dd_copy,INT_ADD_WRAPV,call
dd_copy,invalidate_cache,call
dd_copy,iread_fnc,call
dd_copy,iwrite,call
dd_copy,lseek,call
dd_copy,memset,call
dd_copy,n_bytes_read,call
dd_copy,o_nocache,call
dd_copy,output_char,call
dd_copy,print_stats,call
dd_copy,print_xfer_stats,call
dd_copy,quit,call
dd_copy,skip,call
dd_copy,swab_buffer,call
dd_copy,translate_buffer,call
dd_copy,us_bytes_overflow,call
debug_key,beg,call
debug_key,begfield,call
debug_key,debug_width,call
debug_key,getmonth,call
debug_key,ignore_value,call
debug_key,limfield,call
debug_key,mark_key,call
debug_key,tighter_lim,call
debug_key,traverse_raw_number,call
debug_line,debug_key,call
debug_width,mbsnwidth,call
debug_width,width,call
decode_field_spec,abort,call
decode_field_spec,die,call
decode_field_spec,string_to_join_field,call
decode_field_spec,warning,call
decode_format_string,assert,call
decode_format_string,X2NREALLOC,call
decode_one_format,abort,call
decode_one_format,assert,call
decode_one_format,DBL_STRLEN_BOUND_L,call
decode_one_format,decimal_point_len,call
decode_one_format,error,call
decode_one_format,FLT_STRLEN_BOUND_L,call
decode_one_format,hexl_mode_trailer,call
decode_one_format,ISPEC_TO_FORMAT,call
decode_one_format,LDBL_STRLEN_BOUND_L,call
decode_one_format,localeconv,call
decode_one_format,Long_format,call
decode_one_format,Max_format,call
decode_one_format,print_function,call
decode_one_format,quote,call
decode_one_format,sizeof,call
decode_one_format,sprintf,call
decode_preserve_arg,abort,call
decode_preserve_arg,ARGMATCH_VERIFY,call
decode_preserve_arg,free,call
decode_preserve_arg,strchr,call
decode_preserve_arg,XARGMATCH,call
decode_preserve_arg,xstrdup,call
default_format,Access,call
default_format,free,call
default_format,xasprintf,call
default_format,xstrdup,call
default_key_compare,key_numeric,call
default_sort_size,MAX,call
default_sort_size,physmem_available,call
default_sort_size,physmem_total,call
delete_proc,hash_remove,call
delseq,free,call
delseq,freeline,call
describe_change,abort,call
describe_change,quoteaf,call
describe_change,strmode,call
diagnose_copy_fd_fai,abort,call
diagnose_copy_fd_fai,error,call
diagnose_leading_hyp,fprintf,call
diagnose_leading_hyp,quoteaf,call
diagnose_leading_hyp,quotearg_n_style,call
die_pipe,exit,call
die_pipe,raise,call
different,memcasecmp,call
different,memcmp,call
disable_core_dumps,error,call
do_copy,ASSIGN_STRDUPA,call
do_copy,copy,call
do_copy,dest_info_init,call
do_copy,die,call
do_copy,dir_name,call
do_copy,directory,call
do_copy,error,call
do_copy,file_name_concat,call
do_copy,find_backup_file_name,call
do_copy,free,call
do_copy,make_dir_parents_private,call
do_copy,meaningful,call
do_copy,n_files,call
do_copy,parent_exists,call
do_copy,quoteaf,call
do_copy,re_protect,call
do_copy,src_info_init,call
do_copy,stat,call
do_copy,STREQ,call
do_copy,strip_trailing_slashes,call
do_copy,target_directory_operand,call
do_copy,target_dirfd,call
do_ftruncate,error,call
do_ftruncate,lseek,call
do_ftruncate,MAX,call
do_ftruncate,MIN,call
do_ftruncate,quoteaf,call
do_ftruncate,ST_BLKSIZE,call
do_link,atomic_link,call
do_link,cases,call
do_link,convert_abs_rel,call
do_link,error,call
do_link,fail,call
do_link,find_backup_file_name,call
do_link,force,call
do_link,force_linkat,call
do_link,force_symlinkat,call
do_link,fprintf,call
do_link,free,call
do_link,fstatat,call
do_link,link_errno,call
do_link,links,call
do_link,loop,call
do_link,memcpy,call
do_link,quoteaf,call
do_link,quoteaf_n,call
do_link,quotef,call
do_link,record_file,call
do_link,stat,call
do_link,strcpy,call
do_link,symbolic_link,call
do_link,xmalloc,call
do_move,assert,call
do_move,copy,call
do_move,DEST,call
do_move,echo,call
do_move,rm_option_init,call
do_stat,error,call
do_stat,print_it,call
do_stat,statx,call
do_stat,statx_timestamp_to_timespec,call
do_stat,statx_to_stat,call
do_stat,STREQ,call
do_statfs,error,call
do_statfs,print_it,call
do_statfs,quoteaf,call
docolon,die,call
docolon,EXPR_FAILURE,call
docolon,free,call
docolon,int_value,call
docolon,mbs_offset_to_chars,call
docolon,offset,call
docolon,re_compile_pattern,call
docolon,re_match,call
docolon,regfree,call
docolon,str_value,call
docolon,tostring,call
dump,assert,call
dump,check_and_close,call
dump,current_offset,call
dump,format_address,call
dump,free,call
dump,get_lcm,call
dump,l_c_m,call
dump,memset,call
dump,MIN,call
dump,read_block,call
dump,write_block,call
dump,xnmalloc,call
dump_hexl_mode_trail,fputs,call
dump_hexl_mode_trail,putchar,call
dump_remainder,die,call
dump_remainder,MIN,call
dump_remainder,quoteaf,call
dump_remainder,safe_read,call
dump_remainder,write_header,call
dump_remainder,xwrite_stdout,call
dump_strings,check_and_close,call
dump_strings,format_address,call
dump_strings,fputs,call
dump_strings,free,call
dump_strings,limit_bytes_to_format,call
dump_strings,MAX,call
dump_strings,putc,call
dump_strings,putchar,call
dump_strings,read_char,call
dump_strings,through,call
dump_strings,X2REALLOC,call
dump_strings,xmalloc,call
elide_tail_bytes_fil,copy_fd,call
elide_tail_bytes_fil,diagnose_copy_fd_failure,call
elide_tail_bytes_fil,elide_tail_bytes_pipe,call
elide_tail_bytes_pip,die,call
elide_tail_bytes_pip,error,call
elide_tail_bytes_pip,free,call
elide_tail_bytes_pip,full_read,call
elide_tail_bytes_pip,INT_BUFSIZE_BOUND,call
elide_tail_bytes_pip,MIN,call
elide_tail_bytes_pip,READ_BUFSIZE,call
elide_tail_bytes_pip,umaxtostr,call
elide_tail_bytes_pip,xmalloc,call
elide_tail_bytes_pip,xnmalloc,call
elide_tail_bytes_pip,xnrealloc,call
elide_tail_bytes_pip,xwrite_stdout,call
elide_tail_lines_fil,elide_tail_lines_pipe,call
elide_tail_lines_fil,elide_tail_lines_seekable,call
elide_tail_lines_pip,error,call
elide_tail_lines_pip,free,call
elide_tail_lines_pip,memcpy,call
elide_tail_lines_pip,safe_read,call
elide_tail_lines_pip,xmalloc,call
elide_tail_lines_pip,xwrite_stdout,call
elide_tail_lines_see,BUFSIZ,call
elide_tail_lines_see,bytes_read,call
elide_tail_lines_see,copy_fd,call
elide_tail_lines_see,diagnose_copy_fd_failure,call
elide_tail_lines_see,elseek,call
elide_tail_lines_see,error,call
elide_tail_lines_see,memrchr,call
elide_tail_lines_see,safe_read,call
elide_tail_lines_see,xwrite_stdout,call
elseek,error,call
elseek,INT_BUFSIZE_BOUND,call
elseek,lseek,call
elseek,offtostr,call
elseek,quotef,call
error,fprintf,call
eval,eval1,call
eval,int_value,call
eval,trace,call
eval1,eval2,call
eval1,int_value,call
eval1,trace,call
eval2,abort,call
eval2,die,call
eval2,error,call
eval2,eval3,call
eval2,int_value,call
eval2,quotearg_n_style,call
eval2,strcoll,call
eval2,strintcmp,call
eval2,tostring,call
eval2,trace,call
eval2,val,call
eval3,argument,call
eval3,die,call
eval3,eval4,call
eval3,trace,call
eval4,die,call
eval4,eval5,call
eval4,mpz_tdiv_r,call
eval4,trace,call
eval4,zero,call
eval5,docolon,call
eval5,eval6,call
eval5,trace,call
eval6,docolon,call
eval6,eval6,call
eval6,eval7,call
eval6,free,call
eval6,getsize,call
eval6,int_value,call
eval6,mbs_logical_cspn,call
eval6,mbs_logical_substr,call
eval6,require_more_args,call
eval6,str_value,call
eval6,tostring,call
eval6,trace,call
eval7,die,call
eval7,eval,call
eval7,quotearg_n_style,call
eval7,require_more_args,call
eval7,str_value,call
eval7,trace,call
exit_cleanup,cleanup,call
exit_cleanup,close_stdout,call
exit_cleanup,cs_enter,call
exit_cleanup,cs_leave,call
expand_wildcards,close,call
expand_wildcards,error,call
expand_wildcards,grep,call
expand_wildcards,open,call
expand_wildcards,strcat,call
expand_wildcards,strcmp,call
expand_wildcards,strcpy,call
extract_field,len,call
extract_field,X2NREALLOC,call
extract_varname,argc,call
extract_varname,array,call
extract_varname,build_argv,call
extract_varname,byte,call
extract_varname,check_start_new_arg,call
extract_varname,die,call
extract_varname,extract_varname,call
extract_varname,found,call
extract_varname,free,call
extract_varname,getenv,call
extract_varname,memcpy,call
extract_varname,memmove,call
extract_varname,MIN,call
extract_varname,scan_varname,call
extract_varname,splitbuf_append_byte,call
extract_varname,splitbuf_finishup,call
extract_varname,splitbuf_grow,call
extract_varname,strchr,call
extract_varname,string,call
extract_varname,string_bytes,call
extract_varname,stringbase,call
extract_varname,strspn,call
extract_varname,xnmalloc,call
extract_varname,xpalloc,call
extract_varname,xrealloc,call
FAIL_ONLY_ONE_WAY,error,call
FATAL_ERROR,error,call
FFS_MASK,FFS_MASK,call
file_lines,BUFSIZ,call
file_lines,bytes_read,call
file_lines,dump_remainder,call
file_lines,end_pos,call
file_lines,error,call
file_lines,memrchr,call
file_lines,safe_read,call
file_lines,xlseek,call
file_lines,xwrite_stdout,call
file_name_free,free,call
file_name_init,buf,call
file_name_init,MIN,call
file_name_init,xmalloc,call
file_name_prepend,free,call
file_name_prepend,memcpy,call
file_name_prepend,xnmalloc,call
fillbuf,abort,call
fillbuf,avail,call
fillbuf,begfield,call
fillbuf,buffer_linelim,call
fillbuf,fatal,call
fillbuf,fread,call
fillbuf,keylim,call
fillbuf,limfield,call
fillbuf,MAX,call
fillbuf,memmove,call
fillbuf,read,call
fillbuf,readsize,call
fillbuf,sizeof,call
fillbuf,sort_die,call
fillbuf,valloc,call
fillbuf,vfree,call
fillbuf,x2nrealloc,call
find_bind_mount,error,call
find_dir_entry,closedir,call
find_dir_entry,D_INO,call
find_dir_entry,die,call
find_dir_entry,dirfd,call
find_dir_entry,file_name_prepend,call
find_dir_entry,opendir,call
find_dir_entry,quote,call
find_dir_entry,use_lstat,call
find_field,MIN,call
find_unit_order,minus_sign,call
find_unit_order,traverse_raw_number,call
finish_up,cleanup,call
finish_up,print_stats,call
finish_up,process_signals,call
first_last_page,xstrtol_fatal,call
first_last_page,xstrtoumax,call
format,LONG,call
format,print_int,call
format_address_label,format_address_paren,call
format_address_label,format_address_std,call
format_address_paren,format_address_std,call
format_address_paren,putchar,call
format_address_std,fputs,call
format_code_offset,strspn,call
format_to_mask,fmt_to_mask,call
format_to_mask,format_code_offset,call
fp,xrealloc,call
free_spareline,free,call
free_spareline,freeline,call
freeline,free,call
freev,free,call
freev,mpz_clear,call
fremote,assert,call
fremote,conservative,call
fremote,error,call
fremote,fstatfs,call
fremote,HAVE_STRUCT_STATFS_F_TYPE,call
fremote,quoteaf,call
general_numcompare,nan_compare,call
general_numcompare,strtold,call
get_birthtime,get_stat_birthtime,call
get_birthtime,nvlist_free,call
get_default_format,INT_STRLEN_BOUND,call
get_default_format,MAX,call
get_default_format,sprintf,call
get_default_format,width,call
get_ids,die,call
get_ids,endgrent,call
get_ids,endpwent,call
get_ids,getgrnam,call
get_ids,getpwnam,call
get_ids,group_id,call
get_ids,owner_id,call
get_ids,quote,call
get_input_fstatus,failed,call
get_input_fstatus,fstat,call
get_input_fstatus,stat,call
get_input_fstatus,xnmalloc,call
get_labeling_handle,error,call
get_labeling_handle,selabel_open,call
get_lcm,lcm,call
get_line,check_order,call
get_line,die,call
get_line,freeline,call
get_line,init_linep,call
get_line,reset_line,call
get_line,SWAPLINES,call
get_line,xfields,call
get_outstatus,fstat,call
get_reldate,die,call
getenv_quoting_style,ARGMATCH,call
getenv_quoting_style,error,call
getenv_quoting_style,getenv,call
getenv_quoting_style,quote,call
getenv_quoting_style,set_quoting_style,call
getoptarg,error,call
getoptarg,quote,call
getoptnum,xdectoimax,call
getseq,X2NREALLOC,call
getsize,mpz_get_ui,call
gidtostr_ptr,INT_BUFSIZE_BOUND,call
gidtostr_ptr,umaxtostr,call
grep,error,call
grep,grepbuf,call
grep,nlscan,call
grep,prpending,call
grep,reset,call
grepbuf,prtext,call
head,elide_tail_bytes_file,call
head,elide_tail_lines_file,call
head,elseek,call
head,error,call
head,head_bytes,call
head,head_lines,call
head,quoteaf,call
head,write_header,call
head_bytes,error,call
head_bytes,safe_read,call
head_bytes,xwrite_stdout,call
head_file,error,call
head_file,head,call
head_file,open,call
head_file,STREQ,call
head_file,xset_binary_mode,call
head_lines,elseek,call
head_lines,error,call
head_lines,safe_read,call
head_lines,xwrite_stdout,call
human_access,filemodestring,call
human_fstype,minix,call
human_fstype,sprintf,call
human_fstype,UNKNOWN,call
human_numcompare,find_unit_order,call
human_time,INT_BUFSIZE_BOUND,call
human_time,INT_STRLEN_BOUND,call
human_time,nstrftime,call
human_time,sprintf,call
human_time,tzalloc,call
idle_string,assert,call
idle_string,seconds_idle,call
idle_string,sprintf,call
idle_string,time,call
idle_string,TYPE_MINIMUM,call
ifd_reopen,fd_reopen,call
ifd_reopen,process_signals,call
ifdatasync,fdatasync,call
ifdatasync,process_signals,call
ifstat,fstat,call
ifstat,process_signals,call
ifsync,fsync,call
ifsync,process_signals,call
iftruncate,ftruncate,call
iftruncate,process_signals,call
ignore_fifo_and_pipe,is_a_fifo_or_pipe,call
ignore_fifo_and_pipe,mode,call
incompatible_options,die,call
init_fps,free,call
init_fps,init_header,call
init_fps,xnmalloc,call
init_funcs,numbered_lines,call
init_header,free,call
init_header,get_stat_mtime,call
init_header,gettime,call
init_header,header_width_available,call
init_header,INT_BUFSIZE_BOUND,call
init_header,mbswidth,call
init_header,nstrftime,call
init_header,sprintf,call
init_header,xmalloc,call
init_linep,xcalloc,call
init_node,init_node,call
init_node,nlines,call
init_node,parent_end,call
init_node,pthread_mutex_init,call
init_page,store_columns,call
init_parameters,die,call
init_parameters,expansion,call
init_parameters,free,call
init_parameters,INT_STRLEN_BOUND,call
init_parameters,number_width,call
init_parameters,sequence,call
init_parameters,TAB_WIDTH,call
init_parameters,xmalloc,call
init_store_cols,free,call
init_store_cols,INT_ADD_WRAPV,call
init_store_cols,INT_MULTIPLY_WRAPV,call
init_store_cols,integer_overflow,call
init_store_cols,xnmalloc,call
initbuf,malloc,call
initbuf,sizeof,call
initbuf,xalloc_die,call
initialize_signals,xmalloc,call
inittables,field_sep,call
inittables,isalnum,call
inittables,isprint,call
inittables,nl_langinfo,call
inittables,qsort,call
inittables,strlen,call
inittables,toupper,call
inittables,xmalloc,call
input_file_size,lseek,call
input_file_size,safe_read,call
input_from_argv,stpcpy,call
input_from_argv,strlen,call
input_from_argv,xmalloc,call
input_size,lseek,call
insertkey,xmemdup,call
install_cleanup,sigaction,call
install_cleanup,sigemptyset,call
install_file_in_dir,error,call
install_file_in_dir,file_name_concat,call
install_file_in_dir,free,call
install_file_in_dir,install_file_in_file,call
install_file_in_dir,last_component,call
install_file_in_dir,open,call
install_file_in_file,change_attributes,call
install_file_in_file,change_timestamps,call
install_file_in_file,die,call
install_file_in_file,error,call
install_file_in_file,install_file_in_file,call
install_sigchld,sigaction,call
install_sigchld,sigemptyset,call
install_sigchld,unblock_signal,call
install_signal_handl,catch_siginfo,call
install_signal_handl,sigaction,call
install_signal_handl,sigaddset,call
install_signal_handl,sigemptyset,call
install_signal_handl,siginterrupt,call
install_signal_handl,signal,call
int_value,mpz_init_set_ui,call
int_value,xmalloc,call
integer_overflow,die,call
interrupt_handler,signal,call
invalidate_cache,cache_round,call
invalidate_cache,lseek,call
invalidate_cache,nocache_eof,call
invalidate_cache,posix_fadvise,call
io_error,die,call
iread,error,call
iread,fullblock,call
iread,process_signals,call
iread,read,call
iread,select_plural,call
iread_fullblock,iread,call
is_tty_writable,getgrnam,call
isnbspace,iswnbspace,call
iswnbspace,posixly_correct,call
iwrite,end,call
iwrite,error,call
iwrite,fcntl,call
iwrite,invalidate_cache,call
iwrite,process_signals,call
iwrite,quotef,call
iwrite,write,call
join,advance_seq,call
join,CHECK_ORDER_DISABLED,call
join,delseq,call
join,fadvise,call
join,free,call
join,freeline,call
join,getseq,call
join,initseq,call
join,keycmp,call
join,SWAPLINES,call
key_init,memset,call
key_warnings,error,call
key_warnings,implicit_skip,call
key_warnings,INT_BUFSIZE_BOUND,call
key_warnings,key_numeric,call
key_warnings,key_to_opts,call
key_warnings,line_offset,call
key_warnings,ngettext,call
key_warnings,quote_n,call
key_warnings,schar,call
key_warnings,select_plural,call
key_warnings,stpcpy,call
key_warnings,umaxtostr,call
keycmp,memcasecmp,call
keycmp,memcmp,call
keycmp,xmemcoll,call
keycompare,begfield,call
keycompare,CMP_WITH_IGNORE,call
keycompare,compare_random,call
keycompare,diff,call
keycompare,filenvercmp,call
keycompare,free,call
keycompare,general_numcompare,call
keycompare,getmonth,call
keycompare,human_numcompare,call
keycompare,limfield,call
keycompare,MAX,call
keycompare,memcmp,call
keycompare,NONZERO,call
keycompare,numcompare,call
keycompare,tlena,call
keycompare,tlenb,call
keycompare,xmalloc,call
keycompare,xmemcoll0,call
limfield,MIN,call
line_bytes_split,cwrite,call
line_bytes_split,die,call
line_bytes_split,free,call
line_bytes_split,memcpy,call
line_bytes_split,memrchr,call
line_bytes_split,safe_read,call
line_bytes_split,xalloc_die,call
line_bytes_split,xrealloc,call
lines_chunk_split,assert,call
lines_chunk_split,cwrite,call
lines_chunk_split,die,call
lines_chunk_split,memmove,call
lines_chunk_split,MIN,call
lines_chunk_split,safe_read,call
lines_chunk_split,start,call
lines_rr,ceiling,call
lines_rr,closeout,call
lines_rr,die,call
lines_rr,IF_LINT,call
lines_rr,line_no,call
lines_rr,next_file_name,call
lines_rr,ofile_open,call
lines_rr,quotef,call
lines_rr,safe_read,call
lines_rr,xalloc_die,call
lines_rr,xnmalloc,call
lines_rr,xstrdup,call
lines_split,cwrite,call
lines_split,die,call
lines_split,rawmemchr,call
lines_split,safe_read,call
list_entries_users,extract_trimmed_name,call
list_entries_users,fputs,call
list_entries_users,free,call
list_entries_users,putchar,call
list_entries_users,qsort,call
list_entries_users,xnmalloc,call
list_entries_who,extract_trimmed_name,call
list_entries_who,free,call
list_signal_handling,die,call
list_signal_handling,fprintf,call
list_signal_handling,sig2str,call
list_signal_handling,sigemptyset,call
list_signal_handling,sigismember,call
list_signals,operand2sig,call
list_signals,print_table_row,call
list_signals,puts,call
list_signals,strlen,call
lock_node,pthread_mutex_lock,call
logical_getcwd,getenv,call
long_double_format,die,call
long_double_format,memcpy,call
long_double_format,quote,call
long_double_format,strcpy,call
long_double_format,strspn,call
long_double_format,xmalloc,call
looks_like_integer,cp,call
main,abort,call
main,add_field_list,call
main,add_file_name,call
main,add_temp_dir,call
main,adjust_resolution,call
main,affect_symlink_referent,call
main,alignfree,call
main,allow_options,call
main,any_non_regular_fifo,call
main,any_non_remote_file,call
main,any_remote_file,call
main,any_symlinks,call
main,append_unset_var,call
main,apply_translations,call
main,argc,call
main,argv,call
main,argv_iter,call
main,argv_iter_free,call
main,argv_iter_init_argv,call
main,argv_iter_init_stream,call
main,argv_iter_n_args,call
main,ARRAY_CARDINALITY,call
main,assert,call
main,atexit,call
main,atof,call
main,atomic_link,call
main,AUTHORS,call
main,backup_type,call
main,bad_cast,call
main,badfieldspec,call
main,batch_convert,call
main,bindtextdomain,call
main,bit_flags,call
main,block_cleanup_and_chld,call
main,block_width,call
main,blocking_stdin,call
main,buffer,call
main,bytes_chunk_extract,call
main,bytes_split,call
main,cannot_unlink_dir,call
main,case_GETOPT_VERSION_CHAR,call
main,CASE_OLD_ARG,call
main,cat,call
main,character,call
main,check_file,call
main,check_inputs,call
main,check_ordering_compatibility,call
main,check_output,call
main,chopt_init,call
main,chown_files,call
main,cleanup,call
main,close,call
main,closeout,call
main,compute_number_width,call
main,context,call
main,cp_option_init,call
main,cut_file,call
main,date,call
main,DATE_FMT_LANGINFO,call
main,date_format,call
main,datestr,call
main,dd_copy,call
main,decimal_point,call
main,decode_format_string,call
main,decode_preserve_arg,call
main,default_format,call
main,defaultcon,call
main,dest_info_init,call
main,devmsg,call
main,diagnose_leading_hyphen,call
main,die,call
main,directory,call
main,display_version,call
main,do_copy,call
main,do_ftruncate,call
main,do_link,call
main,do_move,call
main,do_stat,call
main,do_statfs,call
main,dummy_stdin,call
main,elide_from_end,call
main,error,call
main,eval,call
main,execvp,call
main,exit,call
main,fadvise,call
main,FAIL_ONLY_ONE_WAY,call
main,FATAL_ERROR,call
main,fd_reopen,call
main,fdadvise,call
main,fflush,call
main,field,call
main,file_list,call
main,file_name_concat,call
main,file_name_free,call
main,file_name_init,call
main,file_names,call
main,files,call
main,finish_up,call
main,first_last_page,call
main,flags,call
main,fopen,call
main,fork,call
main,fprintf,call
main,fputc,call
main,fputs,call
main,free,call
main,freopen,call
main,fstat,call
main,functions,call
main,fwrite,call
main,get_default_format,call
main,get_ids,call
main,get_input_fstatus,call
main,get_labeling_handle,call
main,get_lcm,call
main,GET_NICENESS,call
main,get_reldate,call
main,get_root_dev_ino,call
main,get_stat_atime,call
main,get_stat_mtime,call
main,getegid,call
main,getenv,call
main,getenv_quoting_style,call
main,geteuid,call
main,getgid,call
main,gethrxtime,call
main,getopt_long,call
main,getoptarg,call
main,getoptnum,call
main,getpagesize,call
main,getpwnam,call
main,gettime,call
main,gettime_res,call
main,getuid,call
main,gid_to_name,call
main,group_name,call
main,hard_locale,call
main,hash_free,call
main,hash_init,call
main,hash_initialize,call
main,head_file,call
main,hextobin,call
main,IF_LINT,call
main,ifd_reopen,call
main,incompatible_options,call
main,initialize_exit_failure,call
main,initialize_main,call
main,initialize_signals,call
main,inittables,call
main,inotify_init,call
main,input_file_size,call
main,input_from_argv,call
main,input_seekable,call
main,insertkey,call
main,install,call
main,install_cleanup,call
main,install_file_in_file,call
main,install_file_in_file_parents,call
main,install_sigchld,call
main,install_signal_handlers,call
main,instead,call
main,INT_ADD_WRAPV,call
main,INT_BUFSIZE_BOUND,call
main,invalid,call
main,invalidate_cache,call
main,io_blksize,call
main,is_smack_enabled,call
main,ISDIGIT,call
main,join,call
main,just_context,call
main,key_init,call
main,key_warnings,call
main,l_c_m,call
main,last_component,call
main,line_bytes_split,call
main,lines_chunk_split,call
main,lines_rr,call
main,lines_split,call
main,list_signal_handling,call
main,list_signals,call
main,localeconv,call
main,localtime,call
main,logical,call
main,logical_getcwd,call
main,long_double_format,call
main,LONGINT_OK,call
main,lseek,call
main,main_exit,call
main,MAX,call
main,memcpy,call
main,meminfo,call
main,merge,call
main,MIN,call
main,minus_pos_usage,call
main,mode_adjust,call
main,mode_compile,call
main,mode_create_from_ref,call
main,monitor_output,call
main,most,call
main,multiplier_char,call
main,n_files,call
main,new,call
main,nfiles,call
main,ngettext,call
main,num_processors,call
main,O_CREAT,call
main,O_DIRECTORY,call
main,O_WRONLY,call
main,open,call
main,open_next_file,call
main,openat_safer,call
main,operand2sig,call
main,optind,call
main,option_specified_date,call
main,opts,call
main,others,call
main,output_delimiter_length,call
main,output_flags,call
main,parse_block_signal_params,call
main,parse_chunk,call
main,parse_column_count,call
main,parse_datetime2,call
main,parse_duration,call
main,parse_field_count,call
main,parse_gnu_standard_options_onl,call
main,parse_group,call
main,parse_long_options,call
main,parse_obsolete_option,call
main,parse_options,call
main,parse_signal_action_params,call
main,parse_split_string,call
main,parse_user_spec_warn,call
main,posix2_version,call
main,posixly_correct,call
main,posixtime,call
main,PRIdMAX,call
main,print_files,call
main,print_numbers,call
main,print_stuff,call
main,printv,call
main,priv_set_remove_linkdir,call
main,process_files,call
main,pseudo_offset,call
main,putchar,call
main,puts,call
main,quote,call
main,quote_n,call
main,quoteaf,call
main,quoteaf_n,call
main,quotearg_n_style,call
main,quotef,call
main,raise,call
main,randint_all_new,call
main,random_md5_state_init,call
main,random_source,call
main,randperm_bound,call
main,randperm_new,call
main,read_input,call
main,read_input_reservoir_sampling,call
main,readtokens0_free,call
main,readtokens0_init,call
main,rename_errno,call
main,reset_signal_handlers,call
main,restorecon,call
main,rm_option_init,call
main,robust_getcwd,call
main,S_ISDIR,call
main,S_ISREG,call
main,savewd_process_files,call
main,scan_arg,call
main,scanargs,call
main,selabel_open,call
main,select_plural,call
main,selinux_enabled,call
main,send_signals,call
main,separator_string,call
main,seq_fast,call
main,set_fd_flags,call
main,set_fields,call
main,set_join_field,call
main,set_ordering,call
main,set_program_name,call
main,set_signal_proc_mask,call
main,set_simple_backup_suffix,call
main,set_suffix_length,call
main,setdefaultfilecon,call
main,setfscreatecon,call
main,setlocale,call
main,setpgid,call
main,settimeout,call
main,setvbuf,call
main,show_date,call
main,sigaction,call
main,sigaddset,call
main,sigemptyset,call
main,siginterrupt,call
main,signal,call
main,sigprocmask,call
main,sigsuspend,call
main,simple_cat,call
main,size,call
main,SIZE_MAX,call
main,size_opt,call
main,sizeof,call
main,skip,call
main,smack_new_label_from_self,call
main,smack_set_label_for_self,call
main,sort,call
main,sort_die,call
main,spec_list_string,call
main,specify_nmerge,call
main,specify_nthreads,call
main,specify_sort_size,call
main,st_mode,call
main,start,call
main,stat,call
main,stderr,call
main,strchr,call
main,STREQ,call
main,strict_posix2,call
main,string,call
main,string_to_integer,call
main,strip_trailing_slashes,call
main,strlen,call
main,sync,call
main,sync_arg,call
main,synchronize_output,call
main,systems,call
main,tail_file,call
main,tail_forever,call
main,tail_forever_inotify,call
main,tailable_stdin,call
main,target_directory_operand,call
main,target_dirfd,call
main,textdomain,call
main,touch,call
main,traditional_usage,call
main,tzalloc,call
main,uid_to_name,call
main,umask,call
main,umask_value,call
main,umaxtostr,call
main,unblock_signal,call
main,unset_envvars,call
main,users,call
main,version_etc,call
main,wc_file,call
main,WEXITSTATUS,call
main,who,call
main,write_counts,call
main,write_permuted_lines,call
main,write_permuted_numbers,call
main,write_permuted_output_reservoi,call
main,write_random_lines,call
main,write_random_numbers,call
main,written,call
main,WTERMSIG,call
main,X2REALLOC,call
main,xalignalloc,call
main,xalloc_die,call
main,XARGMATCH,call
main,xcalloc,call
main,xdectoimax,call
main,xdectoumax,call
main,xfclose,call
main,xfopen,call
main,xget_version,call
main,xgetcwd,call
main,xgethostname,call
main,xmalloc,call
main,xnmalloc,call
main,xset_binary_mode,call
main,xstrdup,call
main,xstrtol_fatal,call
main,xstrtold,call
main,xstrtoumax,call
make_ancestor,announce_mkdir,call
make_ancestor,defaultcon,call
make_ancestor,error,call
make_ancestor,ignorable_ctx_err,call
make_ancestor,mkdir,call
make_ancestor,quoteaf,call
make_ancestor,umask,call
make_dir_parents_pri,alloca,call
make_dir_parents_pri,ASSIGN_STRDUPA,call
make_dir_parents_pri,cached_umask,call
make_dir_parents_pri,dir_len,call
make_dir_parents_pri,error,call
make_dir_parents_pri,memcpy,call
make_dir_parents_pri,omitted_permissions,call
make_dir_parents_pri,quoteaf,call
make_dir_parents_pri,S_ISDIR,call
make_dir_parents_pri,src_errno,call
make_dir_parents_pri,src_mode,call
make_dir_parents_pri,statat,call
make_dir_parents_pri,xmalloc,call
make_format,strcpy,call
make_id_equals_comme,stpcpy,call
make_id_equals_comme,stzncpy,call
make_id_equals_comme,UT_ID,call
make_id_equals_comme,xmalloc,call
mark_key,putchar,call
maybe_close_stdout,_exit,call
maybe_close_stdout,close_stdout,call
maybe_create_temp,async_safe_die,call
maybe_create_temp,close,call
maybe_create_temp,create_temp_file,call
maybe_create_temp,execlp,call
maybe_create_temp,fdopen,call
maybe_create_temp,move_fd,call
maybe_create_temp,pipe_fork,call
maybe_create_temp,register_proc,call
maybe_create_temp,sort_die,call
mbs_logical_cspn,mbui_advance,call
mbs_logical_cspn,mbui_avail,call
mbs_logical_cspn,strcspn,call
mbs_logical_substr,llen,call
mbs_logical_substr,mbui_avail,call
mbs_logical_substr,mempcpy,call
mbs_logical_substr,MIN,call
mbs_logical_substr,strlen,call
mbs_logical_substr,xmalloc,call
mbs_logical_substr,xstrdup,call
mbs_offset_to_chars,mbui_cur_ptr,call
merge,avoid_trashing_input,call
merge,create_temp,call
merge,failed,call
merge,maybe_create_temp,call
merge,memmove,call
merge,mergefiles,call
merge,mergefps,call
merge,MIN,call
merge,open_input_files,call
merge,sort_die,call
merge,stream_open,call
merge,xfclose,call
merge_loop,mergelines_node,call
merge_loop,queue_check_insert,call
merge_loop,queue_check_insert_parent,call
merge_loop,queue_insert,call
merge_loop,queue_pop,call
merge_loop,unlock_node,call
merge_tree_destroy,free,call
merge_tree_destroy,pthread_mutex_destroy,call
merge_tree_init,init_node,call
merge_tree_init,pthread_mutex_init,call
merge_tree_init,xmalloc,call
mergefiles,mergefps,call
mergefiles,open_input_files,call
mergefiles,sort_die,call
mergefps,buffer_linelim,call
mergefps,compare,call
mergefps,free,call
mergefps,initbuf,call
mergefps,MAX,call
mergefps,memcpy,call
mergefps,probe,call
mergefps,text,call
mergefps,write_line,call
mergefps,xfclose,call
mergefps,xmalloc,call
mergefps,xnmalloc,call
mergefps,zaptemp,call
mergelines_node,MAX_MERGE,call
mergelines_node,write_unique,call
mkancesdirs_safe_wd,error,call
mkancesdirs_safe_wd,quoteaf,call
mkancesdirs_safe_wd,save_always,call
mkancesdirs_safe_wd,savewd_finish,call
mkancesdirs_safe_wd,savewd_init,call
mkancesdirs_safe_wd,savewd_restore,call
mode_changed,error,call
mode_changed,quoteaf,call
move_fd,close,call
move_fd,dup2,call
multiple_bits_set,MULTIPLE_BITS_SET,call
N,sizeof,call
nan_compare,memcmp,call
nan_compare,memset,call
nan_compare,strtold,call
need_copy,close,call
need_copy,extra_mode,call
need_copy,freecon,call
need_copy,getgid,call
need_copy,getuid,call
need_copy,have_same_content,call
need_copy,open,call
need_copy,openat,call
need_copy,st_size,call
need_copy,STREQ,call
next_file_name,assert,call
next_file_name,die,call
next_file_name,dir_name,call
next_file_name,free,call
next_file_name,memcpy,call
next_file_name,memset,call
next_file_name,pathconf,call
next_file_name,prefix,call
next_file_name,strlen,call
next_file_name,xalloc_die,call
next_file_name,xcalloc,call
next_file_name,xrealloc,call
next_item,item_idx,call
next_line,rawmemchr,call
nextarg,STREQ,call
nl_error,fputc,call
nl_error,va_end,call
nl_error,va_start,call
nl_error,verror,call
nth_parent,memcpy,call
nth_parent,xnmalloc,call
null,abort,call
null,cp,call
null,mpz_sgn,call
numcompare,strnumcmp,call
ofile_open,create,call
ofile_open,die,call
ofile_open,open,call
ofile_open,quotef,call
open_file,error,call
open_file,fadvise,call
open_file,fopen,call
open_input_files,open_temp,call
open_input_files,stream_open,call
open_input_files,xnmalloc,call
open_next_file,error,call
open_next_file,fopen,call
open_next_file,setvbuf,call
open_next_file,xset_binary_mode,call
open_temp,async_safe_die,call
open_temp,close,call
open_temp,die,call
open_temp,execlp,call
open_temp,fdopen,call
open_temp,move_fd,call
open_temp,open,call
open_temp,pipe_fork,call
open_temp,quoteaf,call
open_temp,register_proc,call
open_temp,wait_proc,call
operand_is,operand_matches,call
out_epoch_sec,frac_sec,call
out_epoch_sec,ilen,call
out_epoch_sec,int_len,call
out_epoch_sec,minus_zero,call
out_epoch_sec,out_int,call
out_epoch_sec,out_minus_zero,call
out_epoch_sec,out_uint,call
out_epoch_sec,pformat,call
out_epoch_sec,prec,call
out_epoch_sec,precision,call
out_epoch_sec,sec_prefix_len,call
out_epoch_sec,strtol,call
out_epoch_sec,trailing_width,call
out_epoch_sec,tv_sec,call
out_epoch_sec,w_d,call
out_epoch_sec,width,call
out_file_context,error,call
out_file_context,freecon,call
out_file_context,quoteaf,call
out_file_context,strcpy,call
out_int,make_format,call
out_minus_zero,make_format,call
out_mount_point,canonicalize_file_name,call
out_mount_point,error,call
out_mount_point,find_bind_mount,call
out_mount_point,free,call
out_mount_point,out_string,call
out_string,make_format,call
out_uint,make_format,call
out_uint_o,make_format,call
out_uint_x,make_format,call
output_bsd,human_readable,call
output_bsd,putchar,call
output_char,oc,call
output_char,write_output,call
output_sysv,human_readable,call
output_sysv,putchar,call
pad_across_to,putchar,call
pad_down,putchar,call
padding,FMT_BYTES_ALLOCATED,call
padding,MAX,call
parse_all_options,arg_type,call
parse_all_options,parse_bsd_option,call
parse_all_options,parse_gnu_option,call
parse_all_options,parse_sysv_option,call
parse_all_options,parse_trailing_pids,call
parse_all_options,trace,call
parse_block_signal_p,error,call
parse_block_signal_p,free,call
parse_block_signal_p,operand2sig,call
parse_block_signal_p,sigaddset,call
parse_block_signal_p,sigdelset,call
parse_block_signal_p,sigemptyset,call
parse_block_signal_p,sigfillset,call
parse_block_signal_p,strtok,call
parse_block_signal_p,xstrdup,call
parse_bsd_option,command,call
parse_bsd_option,defer_sf_option,call
parse_bsd_option,display_version,call
parse_bsd_option,exclusive,call
parse_bsd_option,exit,call
parse_bsd_option,get_opt_arg,call
parse_bsd_option,malloc,call
parse_bsd_option,option,call
parse_bsd_option,parse_list,call
parse_bsd_option,print_format_specifiers,call
parse_bsd_option,soon,call
parse_bsd_option,supported,call
parse_bsd_option,terminals,call
parse_bsd_option,trace,call
parse_chunk,xdectoumax,call
parse_cmd,strncpy,call
parse_column_count,getoptnum,call
parse_duration,error,call
parse_field_count,die,call
parse_gid,getgrnam,call
parse_gnu_option,bsearch,call
parse_gnu_option,defer_sf_option,call
parse_gnu_option,display_version,call
parse_gnu_option,exclusive,call
parse_gnu_option,exit,call
parse_gnu_option,fwrite,call
parse_gnu_option,grab_gnu_arg,call
parse_gnu_option,parse_list,call
parse_gnu_option,screen_cols,call
parse_gnu_option,screen_rows,call
parse_gnu_option,self_info,call
parse_gnu_option,sizeof,call
parse_gnu_option,strcspn,call
parse_gnu_option,strncpy,call
parse_gnu_option,strtol,call
parse_gnu_option,trace,call
parse_group,die,call
parse_group,endgrent,call
parse_group,getgrnam,call
parse_group,quote,call
parse_integer,error,call
parse_integer,quote_n,call
parse_integer,xstrtoumax,call
parse_list,free,call
parse_list,malloc,call
parse_list,strcpy,call
parse_list,strpbrk,call
parse_obsolete_optio,die,call
parse_obsolete_optio,posix2_version,call
parse_obsolete_optio,quote,call
parse_old_offset,xstrtoumax,call
parse_options,case_GETOPT_VERSION_CHAR,call
parse_options,count_lines,call
parse_options,die,call
parse_options,error,call
parse_options,XARGMATCH,call
parse_options,xdectoumax,call
parse_signal_action_,default,call
parse_signal_action_,error,call
parse_signal_action_,free,call
parse_signal_action_,operand2sig,call
parse_signal_action_,strtok,call
parse_signal_action_,xstrdup,call
parse_split_string,build_argv,call
parse_split_string,devmsg,call
parse_split_string,memcpy,call
parse_split_string,newargv,call
parse_split_string,orig_optind,call
parse_symbols,error,call
parse_symbols,quotearg_n_style_mem,call
parse_symbols,strchr,call
parse_symbols,strlen,call
parse_symbols,table,call
parse_sysv_option,defer_sf_option,call
parse_sysv_option,display_version,call
parse_sysv_option,exclusive,call
parse_sysv_option,exit,call
parse_sysv_option,get_opt_arg,call
parse_sysv_option,hex,call
parse_sysv_option,output,call
parse_sysv_option,parse_list,call
parse_sysv_option,Testing,call
parse_sysv_option,trace,call
parse_trailing_pids,data,call
parse_trailing_pids,malloc,call
parse_trailing_pids,parse_pid,call
parse_tty,lookup,call
parse_tty,snprintf,call
parse_uid,getpwnam,call
pipe_bytes,error,call
pipe_bytes,free,call
pipe_bytes,memcpy,call
pipe_bytes,safe_read,call
pipe_bytes,xmalloc,call
pipe_bytes,xwrite_stdout,call
pipe_fork,close,call
pipe_fork,cs_enter,call
pipe_fork,cs_leave,call
pipe_fork,finish,call
pipe_fork,fork,call
pipe_fork,merge,call
pipe_fork,reap_exited,call
pipe_fork,reap_some,call
pipe_fork,xnanosleep,call
pipe_lines,error,call
pipe_lines,free,call
pipe_lines,memcpy,call
pipe_lines,rawmemchr,call
pipe_lines,safe_read,call
pipe_lines,xmalloc,call
pipe_lines,xwrite_stdout,call
prfield,fputs,call
prfield,fwrite,call
prfields,prfield,call
prfields,putchar,call
print_ascii,sprintf,call
print_ascii,xprintf,call
print_boottime,print_line,call
print_boottime,time_string,call
print_char,print_white_space,call
print_char,putchar,call
print_clockchange,print_line,call
print_clockchange,time_string,call
print_deadprocs,free,call
print_deadprocs,INT_STRLEN_BOUND,call
print_deadprocs,make_id_equals_comment,call
print_deadprocs,PIDSTR_DECL_AND_INIT,call
print_deadprocs,print_line,call
print_deadprocs,sprintf,call
print_deadprocs,strlen,call
print_deadprocs,time_string,call
print_deadprocs,xmalloc,call
print_esc_char,error,call
print_esc_char,putchar,call
print_files,init_funcs,call
print_files,init_parameters,call
print_files,init_store_cols,call
print_full_info,error,call
print_full_info,fputs,call
print_full_info,free,call
print_full_info,getgrgid,call
print_full_info,getpwuid,call
print_full_info,putchar,call
print_full_info,quote,call
print_full_info,xgetgroups,call
print_header,die,call
print_header,INT_STRLEN_BOUND,call
print_header,MAX,call
print_header,mbswidth,call
print_header,pad_across_to,call
print_header,print_white_space,call
print_header,sprintf,call
print_heading,print_line,call
print_initspawn,free,call
print_initspawn,make_id_equals_comment,call
print_initspawn,PIDSTR_DECL_AND_INIT,call
print_initspawn,print_line,call
print_initspawn,time_string,call
print_line,asprintf,call
print_line,empty,call
print_line,free,call
print_line,INT_STRLEN_BOUND,call
print_line,puts,call
print_line,sprintf,call
print_line,strlen,call
print_line,xalloc_die,call
print_line,xmalloc,call
print_login,free,call
print_login,make_id_equals_comment,call
print_login,PIDSTR_DECL_AND_INIT,call
print_login,print_line,call
print_login,time_string,call
print_named_ascii,xprintf,call
print_numbers,asprintf,call
print_numbers,free,call
print_numbers,io_error,call
print_numbers,out_of_range,call
print_numbers,setlocale,call
print_numbers,STREQ,call
print_numbers,xalloc_die,call
print_page,accumulated,call
print_page,accumulator,call
print_page,align_column,call
print_page,CLOSED,call
print_page,init_page,call
print_page,pad_down,call
print_page,printed,call
print_page,putchar,call
print_page,read_rest_of_line,call
print_page,reset_status,call
print_runlevel,c_isprint,call
print_runlevel,print_line,call
print_runlevel,sprintf,call
print_runlevel,UT_PID,call
print_runlevel,xmalloc,call
print_sep_string,print_white_space,call
print_sep_string,putchar,call
print_stat,areadlink_with_size,call
print_stat,error,call
print_stat,fputc,call
print_stat,free,call
print_stat,get_birthtime,call
print_stat,getgrgid,call
print_stat,getpwuid,call
print_stat,out_epoch_sec,call
print_stat,out_file_context,call
print_stat,out_int,call
print_stat,out_mount_point,call
print_stat,out_string,call
print_stat,out_uint,call
print_stat,out_uint_o,call
print_stat,out_uint_x,call
print_stat,quoteaf,call
print_statfs,fputc,call
print_statfs,out_int,call
print_statfs,OUT_NAMEMAX,call
print_statfs,out_string,call
print_statfs,out_uint,call
print_statfs,out_uint_x,call
print_statfs,STATFS_FRSIZE,call
print_statfs,verify,call
print_stats,fprintf,call
print_stats,fputc,call
print_stats,ngettext,call
print_stats,print_xfer_stats,call
print_stats,select_plural,call
print_stored,pad_across_to,call
print_stored,print_char,call
print_stored,print_header,call
print_stored,print_sep_string,call
print_stuff,fputs,call
print_stuff,print_full_info,call
print_stuff,print_group,call
print_stuff,print_group_list,call
print_stuff,print_user,call
print_stuff,putchar,call
print_table_row,strsignal,call
print_user,canon_host,call
print_user,DEV_DIR_LEN,call
print_user,error,call
print_user,fputs,call
print_user,free,call
print_user,getpwuid,call
print_user,is_tty_writable,call
print_user,PIDSTR_DECL_AND_INIT,call
print_user,print_line,call
print_user,sizeof,call
print_user,sprintf,call
print_user,stpcpy,call
print_user,strchr,call
print_user,strlen,call
print_user,stzncpy,call
print_user,time_string,call
print_user,uidtostr,call
print_user,xmalloc,call
print_white_space,putchar,call
print_xfer_stats,abbreviation_lacks_prefix,call
print_xfer_stats,fprintf,call
print_xfer_stats,fputc,call
print_xfer_stats,gethrxtime,call
print_xfer_stats,human_readable,call
print_xfer_stats,ngettext,call
print_xfer_stats,select_plural,call
print_xfer_stats,snprintf,call
print_xfer_stats,stats_len,call
print_xfer_stats,strcat,call
printv,abort,call
printv,mpz_out_str,call
printv,putchar,call
printv,puts,call
prjoin,line,call
prjoin,prfield,call
prjoin,prfields,call
prjoin,putchar,call
prline,error,call
prline,fwrite,call
prline,nlscan,call
process_dir,defaultcon,call
process_dir,error,call
process_dir,ignorable_ctx_err,call
process_dir,mode_bits,call
process_dir,quoteaf,call
process_dir,ret,call
process_file,describe_change,call
process_file,emit_cycle_warning,call
process_file,error,call
process_file,fts_set,call
process_file,ignore_value,call
process_file,mode_adjust,call
process_file,mode_changed,call
process_file,quoteaf,call
process_file,quotef,call
process_file,ROOT_DEV_INO_WARN,call
process_file,strmode,call
process_files,error,call
process_files,fts_read,call
process_files,process_file,call
process_files,xfts_open,call
process_signals,cleanup,call
process_signals,print_stats,call
process_signals,raise,call
process_signals,sigprocmask,call
prpending,prline,call
prtext,prline,call
prtext,prpending,call
prtext,puts,call
queue_check_insert,hi_avail,call
queue_check_insert,lo_avail,call
queue_check_insert,queue_insert,call
queue_check_insert_p,lock_node,call
queue_check_insert_p,queue_check_insert,call
queue_check_insert_p,queue_insert,call
queue_check_insert_p,unlock_node,call
queue_destroy,heap_free,call
queue_destroy,pthread_cond_destroy,call
queue_destroy,pthread_mutex_destroy,call
queue_init,heap_alloc,call
queue_init,pthread_cond_init,call
queue_init,pthread_mutex_init,call
queue_insert,heap_insert,call
queue_insert,pthread_cond_signal,call
queue_insert,pthread_mutex_lock,call
queue_insert,pthread_mutex_unlock,call
queue_pop,lock_node,call
queue_pop,pthread_cond_wait,call
queue_pop,pthread_mutex_lock,call
queue_pop,pthread_mutex_unlock,call
quit,exit,call
quit,finish_up,call
random_md5_state_ini,md5_init_ctx,call
random_md5_state_ini,md5_process_bytes,call
random_md5_state_ini,randread,call
random_md5_state_ini,randread_new,call
random_md5_state_ini,sort_die,call
re_protect,ASSIGN_STRDUPA,call
re_protect,dst_name,call
re_protect,error,call
re_protect,get_stat_atime,call
re_protect,get_stat_mtime,call
re_protect,ignore_value,call
re_protect,quoteaf,call
read_block,assert,call
read_block,check_and_close,call
read_block,fread,call
read_block,open_next_file,call
read_char,check_and_close,call
read_char,fgetc,call
read_char,open_next_file,call
read_input,die,call
read_input,fread_file,call
read_input,input_size,call
read_input,next_line,call
read_input,read_input_reservoir_sampling,call
read_input,xnmalloc,call
read_input_reservoir,die,call
read_input_reservoir,freebuffer,call
read_input_reservoir,initbuffer,call
read_input_reservoir,line,call
read_input_reservoir,memset,call
read_input_reservoir,MIN,call
read_input_reservoir,randint_choose,call
read_input_reservoir,sizeof,call
read_input_reservoir,xcalloc,call
read_input_reservoir,xnrealloc,call
read_line,add_line_number,call
read_line,align_column,call
read_line,char_to_clump,call
read_line,close_file,call
read_line,getc,call
read_line,hold_file,call
read_line,pad_across_to,call
read_line,print_clump,call
read_line,print_header,call
read_line,print_sep_string,call
read_line,ungetc,call
read_rest_of_line,close_file,call
read_rest_of_line,hold_file,call
read_rest_of_line,ungetc,call
reap,die,call
reap,quoteaf,call
reap,waitpid,call
reap_all,reap,call
reap_some,reap,call
reap_some,reap_exited,call
recheck,assert,call
recheck,close_fd,call
recheck,error,call
recheck,file,call
recheck,ignore,call
recheck,is_stdin,call
recheck,open,call
recheck,quoteaf,call
recheck,record_open_fd,call
recheck,replaced,call
recheck,tailable,call
recheck,unreadable,call
recheck,xlseek,call
record_open_fd,get_stat_mtime,call
register_proc,hash_initialize,call
register_proc,xalloc_die,call
require_more_args,die,call
require_more_args,quotearg_n_style,call
reset,dfaexec,call
reset,fatal,call
reset,MAX,call
reset,valloc,call
reset_signal_handler,devmsg,call
reset_signal_handler,die,call
reset_signal_handler,ignore_errors,call
reset_signal_handler,set_to_default,call
reset_signal_handler,sig_err,call
reset_signal_handler,sig2str,call
reset_signal_handler,sigaction,call
rm_option_init,die,call
rm_option_init,get_root_dev_ino,call
rm_option_init,isatty,call
rm_option_init,quoteaf,call
robust_getcwd,die,call
robust_getcwd,file_name_prepend,call
robust_getcwd,find_dir_entry,call
robust_getcwd,get_root_dev_ino,call
robust_getcwd,quoteaf,call
scan_arg,error,call
scan_arg,ISDIGIT,call
scan_arg,MAX,call
scan_arg,MIN,call
scan_arg,precision,call
scan_arg,quote_n,call
scan_arg,strchr,call
scan_arg,strcspn,call
scan_arg,strlen,call
scan_arg,width,call
scan_entries,IF_LINT,call
scan_entries,print_boottime,call
scan_entries,print_clockchange,call
scan_entries,print_deadprocs,call
scan_entries,print_heading,call
scan_entries,print_initspawn,call
scan_entries,print_login,call
scan_entries,print_runlevel,call
scan_entries,print_user,call
scan_entries,ttyname,call
scan_entries,TYPE_MINIMUM,call
scan_entries,UT_TIME_MEMBER,call
scanargs,conversions_mask,call
scanargs,die,call
scanargs,error,call
scanargs,i_nocache_eof,call
scanargs,INTMAX_MAX,call
scanargs,iread_fnc,call
scanargs,MIN,call
scanargs,multiple_bits_set,call
scanargs,O_FULLBLOCK,call
scanargs,o_nocache_eof,call
scanargs,parse_integer,call
scanargs,parse_symbols,call
scanargs,quote,call
scanargs,skip_records,call
scanargs,strchr,call
scanargs,warn_partial_read,call
send_sig,install_cleanup,call
send_sig,kill,call
send_sig,signal,call
send_sig,timer_settime,call
send_signals,error,call
separator_string,integer_overflow,call
separator_string,strlen,call
seq_fast,buf_size,call
seq_fast,cmp,call
seq_fast,exit,call
seq_fast,free,call
seq_fast,incr,call
seq_fast,io_error,call
seq_fast,MAX,call
seq_fast,memcpy,call
seq_fast,memmove,call
seq_fast,mempcpy,call
seq_fast,STREQ,call
seq_fast,strings,call
seq_fast,strlen,call
seq_fast,trim_leading_zeros,call
seq_fast,verify,call
seq_fast,xmalloc,call
seq_fast,xrealloc,call
sequential_sort,mergelines,call
sequential_sort,sequential_sort,call
sequential_sort,swap,call
set_fd_flags,add_flags,call
set_fd_flags,die,call
set_fd_flags,fcntl,call
set_fd_flags,new_flags,call
set_join_field,die,call
set_signal_proc_mask,devmsg,call
set_signal_proc_mask,die,call
set_signal_proc_mask,sig2str,call
set_signal_proc_mask,sigaddset,call
set_signal_proc_mask,sigdelset,call
set_signal_proc_mask,sigemptyset,call
set_suffix_length,die,call
set_suffix_length,MAX,call
set_suffix_length,strlen,call
set_suffix_length,xstrtoumax,call
setdefaultfilecon,error,call
setdefaultfilecon,freecon,call
setdefaultfilecon,get_labeling_handle,call
setdefaultfilecon,quotef,call
setdefaultfilecon,quotef_n,call
sethostname,sysinfo,call
settimeout,alarm,call
settimeout,dtotimespec,call
settimeout,duration_floor,call
settimeout,error,call
settimeout,setitimer,call
settimeout,timer_delete,call
settimeout,timer_settime,call
settimeout,tv_usec,call
show_date,error,call
show_date,fprintftime,call
show_date,fputc,call
show_date,INT_BUFSIZE_BOUND,call
show_date,quote,call
show_date,setlocale,call
sighandler,cleanup,call
sighandler,raise,call
sighandler,signal,call
siginfo_handler,signal,call
simple_cat,die,call
simple_cat,error,call
simple_cat,safe_read,call
size_opt,die,call
size_opt,MIN,call
skip,advance_input_offset,call
skip,alloc_ibuf,call
skip,alloc_obuf,call
skip,check_and_close,call
skip,die,call
skip,error,call
skip,fread,call
skip,iread_fnc,call
skip,open_next_file,call
skip,print_stats,call
skip,quit,call
skip,records,call
skip,usable_st_size,call
skip_read,close_file,call
skip_read,getc,call
skip_read,hold_file,call
skip_read,ungetc,call
skip_to_page,error,call
skip_to_page,reset_status,call
skip_to_page,skip_read,call
sort,buffer_linelim,call
sort,bytes_per_line,call
sort,create_temp,call
sort,free,call
sort,initbuf,call
sort,merge,call
sort,merge_tree_destroy,call
sort,merge_tree_init,call
sort,queue_destroy,call
sort,queue_init,call
sort,reap_all,call
sort,sizeof,call
sort,sort_buffer_size,call
sort,sortlines,call
sort,write_unique,call
sort,xfclose,call
sort,xfopen,call
sort,xnmalloc,call
sort_buffer_size,default_sort_size,call
sort_buffer_size,sort_die,call
sort_buffer_size,stat,call
sort_buffer_size,STREQ,call
sort_die,die,call
sort_die,quotef,call
sortlines,merge_loop,call
sortlines,pthread_join,call
sortlines,queue_insert,call
sortlines,sequential_sort,call
sortlines,sortlines,call
sortlines_thread,sortlines,call
specify_nmerge,die,call
specify_nmerge,error,call
specify_nmerge,INT_BUFSIZE_BOUND,call
specify_nmerge,max_nmerge,call
specify_nmerge,quote,call
specify_nmerge,uinttostr,call
specify_nmerge,xstrtol_fatal,call
specify_nmerge,xstrtoumax,call
specify_nthreads,die,call
specify_nthreads,xstrtol_fatal,call
specify_nthreads,xstrtoumax,call
specify_sort_size,MAX,call
specify_sort_size,physmem_total,call
specify_sort_size,xstrtol_fatal,call
specify_sort_size,xstrtoumax,call
start_bytes,error,call
start_bytes,safe_read,call
start_bytes,xwrite_stdout,call
start_lines,error,call
start_lines,safe_read,call
start_lines,xwrite_stdout,call
statfs,dev_for_path,call
statfs,errno,call
statfs,fs_stat_dev,call
store_char,X2REALLOC,call
store_columns,balance,call
store_columns,read_rest_of_line,call
str_value,xmalloc,call
str_value,xstrdup,call
stream_open,assert,call
stream_open,die,call
stream_open,fadvise,call
stream_open,fdopen,call
stream_open,get_outstatus,call
stream_open,open,call
stream_open,quotef,call
strict_posix2,posix2_version,call
string_to_integer,xdectoumax,call
string_to_join_field,die,call
string_to_join_field,xstrtoumax,call
strip,die,call
strip,error,call
strip,execlp,call
strip,fork,call
struct_month_cmp,strcmp,call
sync_arg,assert,call
sync_arg,error,call
sync_arg,fcntl,call
sync_arg,fdatasync,call
sync_arg,fsync,call
sync_arg,open,call
sync_arg,quoteaf,call
sync_arg,syncfs,call
synchronize_output,conversions_mask,call
synchronize_output,error,call
sysv_sum_stream,checksum,call
sysv_sum_stream,fread,call
sysv_sum_stream,free,call
sysv_sum_stream,malloc,call
sysv_sum_stream,memcpy,call
sysv_sum_stream,modulo,call
tail,tail_bytes,call
tail,tail_lines,call
tail_bytes,dump_remainder,call
tail_bytes,error,call
tail_bytes,lseek,call
tail_bytes,OFF_T_MAX,call
tail_bytes,pipe_bytes,call
tail_bytes,start_bytes,call
tail_bytes,xlseek,call
tail_file,close_fd,call
tail_file,error,call
tail_file,fremote,call
tail_file,is_stdin,call
tail_file,open,call
tail_file,quoteaf,call
tail_file,quotef,call
tail_file,record_open_fd,call
tail_file,tail,call
tail_file,tailable,call
tail_file,write_header,call
tail_file,xnanosleep,call
tail_file,xset_binary_mode,call
tail_forever,any_input,call
tail_forever,blocking,call
tail_forever,check_output_alive,call
tail_forever,close,call
tail_forever,die,call
tail_forever,dump_remainder,call
tail_forever,error,call
tail_forever,fcntl,call
tail_forever,get_stat_mtime,call
tail_forever,kill,call
tail_forever,old_flags,call
tail_forever,pretty_name,call
tail_forever,quotef,call
tail_forever,recheck,call
tail_forever,S_ISREG,call
tail_forever,write_header,call
tail_forever,writer_is_dead,call
tail_forever,xlseek,call
tail_forever_inotify,ceil,call
tail_forever_inotify,check_fspec,call
tail_forever_inotify,close,call
tail_forever_inotify,close_fd,call
tail_forever_inotify,deleting,call
tail_forever_inotify,dentry,call
tail_forever_inotify,die,call
tail_forever_inotify,die_pipe,call
tail_forever_inotify,dir_len,call
tail_forever_inotify,error,call
tail_forever_inotify,exit,call
tail_forever_inotify,files,call
tail_forever_inotify,found_unwatchable_dir,call
tail_forever_inotify,fspec,call
tail_forever_inotify,hash_get_n_entries,call
tail_forever_inotify,hash_initialize,call
tail_forever_inotify,hash_lookup,call
tail_forever_inotify,hash_remove,call
tail_forever_inotify,inotify_add_watch,call
tail_forever_inotify,inotify_rm_watch,call
tail_forever_inotify,inotify_wd_mask,call
tail_forever_inotify,item,call
tail_forever_inotify,last_component,call
tail_forever_inotify,name,call
tail_forever_inotify,new_watch,call
tail_forever_inotify,open,call
tail_forever_inotify,poll,call
tail_forever_inotify,prev_fspec,call
tail_forever_inotify,quoteaf,call
tail_forever_inotify,recheck,call
tail_forever_inotify,safe_read,call
tail_forever_inotify,sizeof,call
tail_forever_inotify,STREQ,call
tail_forever_inotify,strlen,call
tail_forever_inotify,unlink,call
tail_forever_inotify,writer_is_dead,call
tail_forever_inotify,xalloc_die,call
tail_forever_inotify,xmalloc,call
tail_forever_inotify,xnanosleep,call
tail_forever_inotify,xrealloc,call
tail_lines,dump_remainder,call
tail_lines,error,call
tail_lines,file_lines,call
tail_lines,lseek,call
tail_lines,pipe_lines,call
tail_lines,start_lines,call
tail_lines,xlseek,call
thread_option_check,though,call
time_string,INT_STRLEN_BOUND,call
time_string,libc,call
time_string,localtime,call
time_string,strftime,call
time_string,timetostr,call
time_string,UT_TIME_MEMBER,call
toarith,abort,call
toarith,die,call
toarith,free,call
tostring,abort,call
tostring,mpz_clear,call
tostring,mpz_get_str,call
touch,assert,call
touch,EINVAL,call
touch,error,call
touch,fd_reopen,call
touch,touch,call
touch,utime_errno,call
traverse_raw_number,ends_with_thousands_sep,call
uidtostr_ptr,INT_BUFSIZE_BOUND,call
uidtostr_ptr,umaxtostr,call
unblock_signal,error,call
unblock_signal,sigaddset,call
unblock_signal,sigemptyset,call
unlock_node,pthread_mutex_unlock,call
unset_envvars,devmsg,call
unset_envvars,die,call
unset_envvars,quote,call
usage,abbreviation,call
usage,again,call
usage,alert,call
usage,allocated,call
usage,assert,call
usage,attributes,call
usage,between,call
usage,blanks,call
usage,CHARs,call
usage,COMMAND,call
usage,compare,call
usage,decimal,call
usage,descriptor,call
usage,destination,call
usage,digits,call
usage,directories,call
usage,DIRECTORY,call
usage,emit_ancillary_info,call
usage,emit_backup_suffix_note,call
usage,emit_mandatory_arg_note,call
usage,emit_size_note,call
usage,emit_stdin_note,call
usage,emit_try_help,call
usage,Epoch,call
usage,escapes,call
usage,exit,call
usage,EXIT_SUCCESS,call
usage,FILE,call
usage,files,call
usage,follow,call
usage,fprintf,call
usage,fputs,call
usage,hex,call
usage,hour,call
usage,INPUT,call
usage,link,call
usage,links,call
usage,MARGIN,call
usage,minute,call
usage,missing,call
usage,mode,call
usage,month,call
usage,name,call
usage,nanoseconds,call
usage,none,call
usage,notation,call
usage,number,call
usage,numbers,call
usage,octal,call
usage,off,call
usage,only,call
usage,options,call
usage,otherwise,call
usage,OUTPUT,call
usage,overwrite,call
usage,ownership,call
usage,padded,call
usage,PAGE_LENGTH,call
usage,PAGE_WIDTH,call
usage,part,call
usage,pipes,call
usage,precision,call
usage,printed,call
usage,process,call
usage,putchar,call
usage,recursive,call
usage,Remove,call
usage,representation,call
usage,second,call
usage,seconds,call
usage,separate,call
usage,shuf,call
usage,signal,call
usage,size,call
usage,sizeof,call
usage,SOURCE,call
usage,specially,call
usage,STRING,call
usage,Time,call
usage,week,call
usage,year,call
usage,yum,call
usage,zone,call
userid_compare,strcmp,call
users,die,call
users,free,call
users,list_entries_users,call
wait_proc,reap,call
wc,character,call
wc,command,call
wc,end_pos,call
wc,error,call
wc,fdadvise,call
wc,fstat,call
wc,isnbspace,call
wc,lseek,call
wc,mbrtowc,call
wc,memmove,call
wc,read,call
wc,size,call
wc,wc_lines_p,call
wc,wcwidth,call
wc,write_counts,call
wc_file,error,call
wc_file,open,call
wc_file,wc,call
wc_file,xset_binary_mode,call
wc_lines,error,call
who,die,call
who,free,call
who,list_entries_who,call
who,scan_entries,call
write_block,address_pad_len,call
write_block,blank_fields,call
write_block,dump_hexl_mode_trailer,call
write_block,format_address,call
write_block,pad_width,call
write_block,putchar,call
write_counts,INT_BUFSIZE_BOUND,call
write_counts,putchar,call
write_line,debug_line,call
write_line,sort_die,call
write_output,error,call
write_output,iwrite,call
write_output,quit,call
write_pending,die,call
write_random_lines,randint_choose,call
write_random_numbers,randint_choose,call
write_unique,write_line,call
writeline,fwrite,call
xfclose,sort_die,call
xfields,extract_field,call
xfopen,sort_die,call
xfopen,stream_open,call
xlseek,abort,call
xlseek,error,call
xlseek,exit,call
xlseek,INT_BUFSIZE_BOUND,call
xlseek,lseek,call
xlseek,offtostr,call
xlseek,quotef,call
xrealloc,fatal,call
xrealloc,malloc,call
xrealloc,realloc,call
xstrxfrm,die,call
xstrxfrm,error,call
xstrxfrm,quotearg_n_style,call
xstrxfrm,strxfrm,call
xwrite_stdout,die,call
xwrite_stdout,quoteaf,call
zaptemp,cs_enter,call
zaptemp,cs_leave,call
zaptemp,error,call
zaptemp,free,call
zaptemp,unlink,call
zaptemp,wait_proc,call
