order,use_way,rela
cat,对所有输出行编号:cat -n file,use
cat,将文件内容打印到标准输出:cat file,use
cat,显示非打印字符和空白字符(如果不是ascii，则以M为前缀):cat -v -t -e file,use
cat,添加几个文件到目标文件:cat file1 file2 >> target_file,use
cat,连接几个文件到目标文件:cat file1 file2 > target_file,use
chgrp,修改文件/目录的属主组，以匹配引用文件:chgrp --reference=path/to/reference_file path/to/file_or_directory,use
chgrp,修改文件/目录的属主组:chgrp group path/to/file_or_directory,use
chgrp,修改符号链接的所属组:chgrp -h group path/to/symlink,use
chgrp,递归修改目录的属主组和目录内容:chgrp -R group path/to/directory,use
chmod,从[g]组中移除[x]可执行的权利:chmod g-x file,use
chmod,从[o]删除所有权利:chmod o= file,use
chmod,给[r]ead和[x]ecute赋予[a]所有用户权限:chmod a+rx file,use
chmod,给拥有文件的[u]ser e[x]ecute它的权利:chmod u+x file,use
chmod,赋予[o](不在文件所有者组)与[g]组相同的权限:chmod o=g file,use
chmod,赋予[u]ser对[r]ead和[w]rite文件/目录的权限:chmod u+rw file_or_directory,use
chmod,"递归地修改权限，让[g] group和[o]thers可以进行操作:chmod -R g+w,o+w directory",use
chmod,递归地给[a]所有用户[r]ead文件权限和e[X]ecute子目录权限:chmod -R a+rX directory,use
chown,修改文件/目录的属主，以匹配引用文件:chown --reference=path/to/reference_file path/to/file_or_directory,use
chown,修改文件/目录的属主用户:chown user path/to/file_or_directory,use
chown,修改文件/目录的属主用户和属组:chown user:group path/to/file_or_directory,use
chown,更改符号链接的所有者:chown -h user path/to/symlink,use
chown,递归更改目录的所有者及其内容:chown -R user path/to/directory,use
cp,以交互模式将文本文件复制到另一个位置(覆盖前提示用户):cp -i *.txt path/to/target_directory,use
cp,使用源文件的完整路径，在复制时创建任何缺少的中间目录:cp --parents source/path/to/file path/to/target_file,use
cp,在复制前遵循符号链接:cp -L link path/to/target_directory,use
cp,复制文件到其他位置:cp path/to/source_file.ext path/to/target_file.ext,use
cp,复制文件到另一个目录，保持文件名:cp path/to/source_file.ext path/to/target_parent_directory,use
cp,递归地复制一个目录的内容到另一个位置(如果目标存在，则在其中复制目录):cp -r path/to/source_directory path/to/target_directory,use
cp,递归复制一个目录，在详细模式(显示文件复制):cp -vr path/to/source_directory path/to/target_directory,use
cut,删除stdin每一行的前16个字符:cut -c 1-16,use
cut,删除从第3个字符到每行结尾的所有内容:cut -c 3-,use
cut,删除字段3到每行末尾，使用空格作为分隔符:cut -d' ' -f3-,use
cut,"删除每行的第2和第10字段，使用分号作为分隔符:cut -d';' -f2,10",use
cut,删除每行的第5个字段，使用冒号作为字段分隔符(默认分隔符为tab):cut -d':' -f5,use
cut,删除给定文件每行的前16个字符:cut -c 1-16 file,use
date,以RFC-3339格式显示当前日期(YYYY-MM-DD hh:mm:ss TZ):date --rfc-3339=s,use
date,"以UTC和ISO 8601格式显示当前日期:date -u +""%Y-%m-%dT%H:%M:%SZ""",use
date,使用MMDDhhmmYYYY.ss格式设置当前日期 (YYYY和.ss可选):date 093023592021.59,use
date,使用默认格式显示特定的日期(以Unix时间戳表示):date -d @1473305798,use
date,"使用默认的区域设置格式显示当前日期:date +""%c""",use
date,"将特定日期转换为Unix时间戳格式:date -d ""2018-09-01 00:00"" +%s --utc",use
date,显示当前日期为Unix时间戳(从Unix纪元开始的秒数):date +%s,use
dd,从IMG文件恢复驱动器，并显示恢复进度:dd if=path/to/file.img of=/dev/drive_device status=progress,use
dd,从一个异混合文件(如archlinux-xxx.iso)制作一个可引导的USB驱动器，并显示进程:dd if=file.iso of=/dev/usb_drive status=progress,use
dd,使用内核随机驱动生成一个100字节的随机文件:dd if=/dev/urandom of=random_file bs=100 count=1,use
dd,克隆一个驱动器到另一个驱动器4 MiB块，忽略错误并显示进度:dd if=/dev/source_drive of=/dev/dest_drive bs=4M conv=noerror status=,use
dd,查看正在进行的dd操作的进度(在另一个shell中执行此命令):kill -USR1 $(pgrep ^dd),use
dd,生成系统备份到IMG文件，并显示进度:dd if=/dev/drive_device of=path/to/file.img status=progress,use
dd,设置磁盘写性能基准:dd if=/dev/zero of=file_1GB bs=1024 count=1000000,use
df,以人类可读的形式显示所有文件系统及其磁盘使用情况:df -h,use
df,显示所有文件系统及其磁盘使用情况:df,use
df,显示文件系统，但不显示指定类型:df -x squashfs -x tmpfs,use
df,显示文件系统及其磁盘使用情况，包含给定的文件或目录:df path/to/file_or_directory,use
df,查看空闲inodes的统计信息:df -i,use
echo,"开启反斜杠转义(特殊字符)的解释:echo -e ""Column 1\tColumn 2""",use
echo,"打印不带换行符的消息:echo -n ""Hello World""",use
echo,"打印带有环境变量的消息:echo ""My path is $PATH""",use
echo,"打印文本信息。注:引号是可选的:echo ""Hello World""",use
echo,"追加消息到文件:echo ""Hello World"" >> file.txt",use
env,从环境中移除变量并运行程序:env -u variable program,use
env,显示环境:env,use
env,清理环境并运行程序:env -i program,use
env,设置一个变量并运行程序:env variable=value program,use
env,设置多个变量并运行程序:env variable1=value variable2=value variable3=value program,use
expr,使用运算符('+'，'-'，'*'，'&'，'|'等)对逻辑或数学表达式求值。特殊符号应转义:expr first_argument operator second_argument,use
expr,提取字符串中匹配正则表达式的部分:echo $(expr string:'\(regular_expression\)'),use
expr,提取字符串的一部分:echo $(expr substr string position_to_start number_of_characters),use
expr,获取'string'中匹配'substring'的第一个字符的位置:echo $(expr index string substring),use
expr,获取字符串长度:expr length string,use
free,以人类可读单元显示内存:free -h,use
free,以字节/KB/MB/GB为单位显示:free -b|k|m|g,use
free,显示系统内存:free,use
free,每2秒刷新一次输出:free -s 2,use
grep,"使用扩展正则表达式(支持?，+，()和|)，不区分大小写:grep --extended-regexp --ignore-case ""search_pattern"" path/to/file",use
grep,"在stdin中搜索不匹配的行:cat path/to/file | grep --invert-match ""search_pattern""",use
grep,"在一个目录中的所有文件中递归搜索一个模式，显示匹配的行数，忽略二进制文件:grep --recursive --line-number --binary-files=without-match ""se",use
grep,"在文件中搜索模式:grep ""search_pattern"" path/to/file",use
grep,"在每场比赛前后打印3行上下文: grep --context|before-context|after-context=3 ""search_pattern"" path/to/file",use
grep,"打印文件名和行号为每个匹配:grep --with-filename --line-number ""search_pattern"" path/to/file",use
grep,"搜索匹配模式的行，只打印匹配的文本:grep --only-matching ""search_pattern"" path/to/file",use
grep,"搜索精确字符串(禁用正则表达式):grep --fixed-strings ""exact_string"" path/to/file",use
groups,打印当前用户的组成员:groups,use
groups,打印群组成员列表的用户:groups username1 username2 ...,use
head,输出文件的前几个字节:head --bytes count path/to/file,use
head,输出文件的前几行:head --lines count path/to/file,use
head,输出除文件最后几个字节以外的所有内容:head --bytes -count path/to/file,use
head,输出除文件最后几行以外的所有内容:head --lines -count path/to/file,use
hostname,显示FQDN (Fully Qualified Domain Name):hostname --fqdn,use
hostname,显示主机名的网络地址:hostname -i,use
hostname,显示主机的所有网络地址:hostname -I,use
hostname,显示当前主机名:hostname,use
hostname,设置当前主机名:hostname new_hostname,use
id,显示任意用户的UID (UID)、GID (GID)和用户所属的组:id username,use
id,显示当前用户的UID (ID)、GID (group ID)和所属组:id,use
id,显示当前用户身份为数字:id -u,use
id,显示当前组标识为数字:id -g,use
install,如果目标目录不存在，拷贝文件并创建目录:install -D path/to/source_file1 path/to/source_file2 ... path/to/destination,use
install,将文件拷贝到目标文件，并设置其所有权:install --owner user path/to/source_file1 path/to/source_file2 ... path/to/destin,use
install,将文件拷贝到目标文件，设置文件模式:install --mode +x path/to/source_file1 path/to/source_file2 ... path/to/destinatio,use
install,拷贝文件，将源文件的访问/修改时间应用到目的文件:install --preserve-timestamps path/to/source_file1 path/to/source_file2 ...,use
install,拷贝文件到目标文件，设置文件的组所有权:install --group user path/to/source_file1 path/to/source_file2 ... path/to/desti,use
install,拷贝文件到目的文件:install path/to/source_file1 path/to/source_file2 ... path/to/destination,use
join,为file1的每个不匹配的行产生一行:join -a 1 file1 file2,use
join,将file1的field3与file2的field1连接:join -1 3 -2 1 file1 file2,use
join,"连接两个文件使用逗号(而不是空格)作为字段分隔符:join -t ',' file1 file2",use
join,连接两个文件的第一个(默认)字段:join file1 file2,use
kill,使用SIGHUP(挂断)信号终止程序。许多守护进程会重新加载而不是终止:kill -1|HUP process_id,use
kill,使用SIGINT(中断)信号终止程序。这通常是由用户按Ctrl + C启动的:kill -2|INT process_id,use
kill,使用默认的SIGTERM (Terminate)信号终止程序:kill process_id,use
kill,列出可用的信号名称(不带SIG前缀时使用):kill -l,use
kill,发送SIGUSR1信号给所有给定GID(组id)的进程:kill -SIGUSR1 -group_id,use
kill,"向操作系统发出信号，暂停一个程序，直到收到一个SIGCONT (""continue"")信号:kill -17|STOP process_id",use
kill,向操作系统发出信号，立即终止一个程序(它没有机会捕获信号):kill -9|KILL process_id,use
kill,终止后台任务:kill %job_id,use
link,创建从新文件到现有文件的硬链接:link path/to/existing_file path/to/new_file,use
ls,仅列出目录: ls - d*/,use
ls,列出所有文件，包括隐藏文件:ls -a,use
ls,列出所有文件，在目录名后面加上/:ls -F,use
ls,所有文件的长格式列表，按修改日期排序(最老的先):ls -ltr,use
ls,所有文件的长格式列表(权限、所有权、大小、修改日期):ls -la,use
ls,每行列出一个文件:ls -l,use
ls,"长格式列表，大小使用人类可读的单位(KiB, MiB, GiB)显示:ls -lh",use
ls,长格式列表按大小排序(降序):ls -ls,use
mkdir,在当前目录下创建多个目录:mkdir directory_1 directory_2 ...,use
mkdir,在当前目录或给定路径下创建一个目录:mkdir directory,use
mkdir,递归创建目录(用于创建嵌套的目录):mkdir -p path/to/directory,use
mkfifo,在给定路径创建一个命名管道:mkfifo path/to/pipe,use
mv,不覆盖目标器已有文件:mv -n source target,use
mv,不论文件权限如何，覆盖已有文件前提示确认:mv -i source target,use
mv,以详细模式移动文件，移动后显示文件:mv -v source target,use
mv,移动文件到任意位置:mv source target,use
mv,移动文件到另一个目录，保持文件名:mv source1 source2 source3 target_directory,use
mv,覆盖已有文件时不提示确认:mv -f source target,use
nice,启动一个更改优先级的程序:nice -n niceness_value command,use
od,从第500个字节开始只读取100个字节:od --read-bytes 100 --skip-bytes=500 -v path/to/file,use
od,以十六进制格式(2字节单位)显示文件，字节偏移量以十进制格式显示:od --format=x --address-radix=d -v path/to/file,use
od,以十六进制格式显示文件(1字节单位)，每行4字节:od --format=x1 --width=4 -v path/to/file,use
od,以十六进制格式显示文件及其字符表示，不打印字节偏移量:od --format=xz --address-radix=n -v path/to/file,use
od,以详细模式显示文件，即不使用*替换重复行:od -v path/to/file,use
od,使用默认设置显示文件:八进制格式，每行8字节，八进制字节偏移量，用*替换重复行:od path/to/file,use
pr,从第2页到第5页，按给定的页长(包括页眉和页脚)打印:pr +2:5 -l page_length file1 file2 file3,use
pr,使用默认页眉和页脚打印多个文件:pr file1 file2 file3,use
pr,打印所有文件，每列一个，没有页眉或页脚:pr -m -T file1 file2 file3,use
pr,打印每行偏移和截断自定义页面宽度:pr -o offset -W width file1 file2 file3,use
pr,"打印自定义居中标题:pr -h ""header"" file1 file2 file3",use
pr,"打印行编号和自定义日期格式:pr -n -D ""format"" file1 file2 file3",use
ps,以树的形式列出当前用户的所有进程:ps --user $(id -u) f,use
ps,以额外的完整格式列出当前用户的所有进程:ps --user $(id -u) -F,use
ps,列出所有正在运行的进程:ps aux,use
ps,列出所有运行的进程，包括完整的命令字符串:ps auxww,use
ps,搜索匹配字符串的进程:ps aux | grep string,use
ps,根据内存消耗排序进程:ps --sort size,use
ps,获取进程的父PID:ps -o ppid= -p pid,use
pwd,打印当前目录，并解析所有符号链接(即显示“物理”路径):pwd --physical,use
pwd,打印当前目录:pwd,use
pwd,打印当前逻辑目录:pwd --logical,use
rm,交互式删除多个文件，每次删除前提示:rm -i file(s),use
rm,从任意位置删除文件:rm path/to/file path/to/another/file,use
rm,以详细模式删除文件，为每个被删除的文件打印消息:rm -v path/to/directory/*,use
rm,强制删除目录，不提示确认或错误信息:rm -rf path/to/directory,use
rm,递归删除一个目录及其所有子目录:rm -r path/to/directory,use
seq,1 ~ 10的顺序:seq 10,use
seq,从5到20每隔3个数字:seq 5 3 20,use
seq,"格式化输出宽度为最小4位数字，有必要时使用零填充:seq -f ""%04g"" 5 3 20",use
seq,"用空格分隔输出，而不是换行符:seq -s "" "" 5 3 20",use
shuf,只输出结果的前5条:shuf --head-count=3 --input-range=1-10 --repeat,use
shuf,只输出结果的前5条:shuf --head-count=5 filename,use
shuf,只输出结果的前5条:shuf filename --output=output_filename,use
shuf,随机文件中的行顺序并输出结果:shuf filename,use
sleep,按分推迟:sleep minutesm,use
sleep,按小时推迟:sleep hoursh,use
sleep,按秒推迟:sleep seconds,use
sort,使用数字而不是字母排序文件:sort --numeric-sort path/to/file,use
sort,对文件进行排序，打印输出到指定的输出文件(可用于就地排序文件):sort --output=path/to/file path/to/file,use
sort,"按/etc/passwd每行第3个字段的数值排序，使用"":""作为字段分隔符:sort --field-separator=: --key=3n /etc/passwd",use
sort,按升序排列文件:sort path/to/file,use
sort,按降序排列文件:sort --reverse path/to/file,use
sort,排序文件只保留唯一的行:sort --unique path/to/file,use
sort,文件不区分大小写:sort --ignore-case path/to/file,use
sort,用指数排序数字:sort --general-numeric-sort path/to/file,use
split,以512字节分割文件(除了最后一次分割;千字节使用512k，兆字节使用512m):split -b 512 filename,use
split,将一个文件拆分为5个文件。文件分割时，每次分割的大小都相同(除了最后一次分割):split -n 5 filename,use
split,拆分一个文件，每个拆分有10行(除了最后一次拆分):split -l 10 filename,use
split,每次分割文件的长度不超过512字节，不能断行:split -C 512 filename,use
stat,"以字节显示文件大小:stat -c ""%s %n"" file",use
stat,"只显示八进制文件权限:stat -c ""%a %n"" file",use
stat,和上面一样，但更简洁:stat -t file,use
stat,显示文件属性，如大小，权限，创建和访问日期等:stat file,use
stat,"显示文件的所有者和组:stat -c ""%U %G"" file",use
stat,显示文件系统信息:stat -f file,use
sum,使用BSD兼容算法和1024字节块计算校验和:sum file,use
sum,使用System V兼容算法和512字节块计算校验和:sum --sysv file,use
sync,刷新所有磁盘挂起的写操作:sync,use
sync,将单个文件的所有挂起的写操作刷新到磁盘:sync path/to/file,use
tail,从给定文件的末尾打印特定的字节数:tail --bytes count path/to/file,use
tail,保持读取文件，直到Ctrl + C，即使文件是不可访问的:tail --retry --follow path/to/file,use
tail,打印文件从一个特定的行号:tail --lines +count path/to/file,use
tail,打印文件的最后一行，并保持读取文件，直到Ctrl + C:tail --follow path/to/file,use
tail,显示'file'中最后的'num'行，并每'n'秒刷新一次:tail --lines count --sleep-interval seconds --follow path/to/file,use
tail,显示文件中最后的'count'行:tail --lines count path/to/file,use
timeout,指定在超时后发送给命令的信号。(缺省情况下，发送TERM):timeout --signal INT 5s sleep 10,use
timeout,运行sleep 10并终止它，如果它运行超过3秒:timeout 3s sleep 10,use
touch,使用一个文件中的时间设置第二个文件的时间:touch -r path/to/file1 path/to/file2,use
touch,创建一个新的空文件或修改现有文件的时间为当前时间:touch path/to/file,use
touch,设置文件的时间为指定的日期和时间:touch -t YYYYMMDDHHMM.SS path/to/file,use
touch,"设置文件的时间为过去一小时:touch -d ""-1 hour"" path/to/file",use
truncate,扩展文件大小50 MiB，填充holes(读取为0字节):truncate --size +50M filename,use
truncate,清空文件内容，但如果文件不存在，则不要创建文件:truncate --no-create --size 0 filename,use
truncate,清空文件内容:truncate --size 0 filename,use
truncate,设置现有文件的大小为10GB，或按指定大小新建文件:truncate --size 10G filename,use
truncate,通过从文件末尾删除数据，将文件压缩2Gib:truncate --size -2G filename,use
uniq,只显示唯一的行:sort file | uniq -u,use
uniq,只显示重复的行:sort file | uniq -d,use
uniq,显示每一行出现的次数:sort file | uniq -c,use
uniq,显示每行出现的次数，按最频繁排序:sort file | uniq -c | sort -nr,use
uniq,每一行显示一次:sort file | uniq,use
wc,从stdin计算所有行、字和字节:find . | wc,use
wc,以字符数计算最长行的长度:wc --max-line-length path/to/file,use
wc,统计文件中的所有字节:wc --bytes path/to/file,use
wc,计算文件中的所有单词:wc --words path/to/file,use
wc,计算文件中的所有字符(考虑到多字节字符):wc --chars path/to/file,use
wc,计算文件中的所有行:wc --lines path/to/file,use
who,只显示当前终端会话信息:who am i,use
who,显示当前所有登录会话的用户名、行和时间:who,use
who,显示所有可用信息:who -a,use
who,通过表头显示所有可用的信息:who -a -H,use
yes,接受apt-get命令提示的所有内容:yes | sudo apt-get install program,use
yes,重复输出“message”:yes message,use
yes,重复输出“y”:yes,use
